Wild boar,ATGACTCATCAAACTCATGCTTATCATATGGTTAATCCTTCTCCTTGGCCTCTGACTGGTGCTCTGTCTGCTCTGCTGATGACTTCTGGTCTGACTATGTGGTTTCATTTTAATTCTATGCTGCTGCTGTCTCTGGGTCTGCTGACTAATACTCTGACTATGTATCAATGGTGGCGTGATATTATTCGTGAATCTACTTTTCAAGGTCATCATACTTCTGTTGTTCAAAAAGGTCTGCGTTATGGTATGATTCTGTTTATTATTTCTGAAGTTCTGTTTTTTACTGGTTTTTTTTGGGCTTTTTATCATTCTTCTCTGGCTCCTACTCCTGAACTGGGTGGTTGTTGGCCTCCTACTGGTATTCATCCTCTGAATCCTCTGGAAGTTCCTCTGCTGAATACTTCTATTCTGCTGGCTTCTGGTGTTTCTATTACTTGGGCTCATCATTCTCTGATGGAAGGTGATCGTAAACATATGATTCAAGCTCTGTCTATTACTATTGCTCTGGGTGTTTATTTTACTCTGCTGCAAGCTTCTGAATATTATGAAGCTCCTTTTACTATTTCTGATGGTGTTTATGGTTCTACTTTTTTTGTTGCTACTGGTTTTCATGGTCTGCATGTTATTATTGGTTCTACTTTTCTGGCTGTTTGTCTGCTGCGTCAACTGAAATTTCATTTTACTTCTAATCATCATTTTGGTTTTGAAGCTGCTGCTTGGTATTGGCATTTTGTTGATGTTGTTTGGCTGTTTCTGTATGTTTCTATTTATTGGTGGGGTTCT
Horse,ATGACTCATCAAACTCATGCTTATCATATGGTTAATCCTTCTCCTTGGCCTCTGACTGGTGCTCTGTCTGCTCTGCTGATGACTTCTGGTCTGGCTATGTGGTTTCATTTTAATTCTACTCTGCTGCTGGCTATGGGTCTGCTGACTAATATTCTGACTATGTATCAATGGTGGCGTGATATTATTCGTGAATCTACTTTTCAAGGTCATCATACTTCTATTGTTCAAAAAGGTCTGCGTTATGGTATGATTCTGTTTATTATTTCTGAAGTTTTTTTTTTTTCTGGTTTTTTTTGGGCTTTTTATCATTCTTCTCTGGCTCCTACTCCTGAACTGGGTGGTTGTTGGCCTCCTACTGGTATTCATCCTCTGAATCCTCTGGAAGTTCCTCTGCTGAATACTTCTGTTCTGCTGGCTTCTGGTGTTTCTATTACTTGGGCTCATCATTCTCTGATGGAAGGTAATCGTAAAAATATGCTGCAAGGTCTGTTTATTACTATTTCTCTGGGTGTTTATTTTACTCTGCTGCAAGCTTCTGAATATTATGAAGCTTCTTTTACTATTTCTGATGGTGTTTATGGTTCTACTTTTTTTGTTGCTACTGGTTTTCATGGTCTGCATGTTATTATTGGTTCTACTTTTCTGATTGTTTGTTTTCTGCGTCAACTGAAATTTCATTTTACTTCTTCTCATCATTTTGGTTTTGAAGCTGCTGCTTGGTATTGGCATTTTGTTGATGTTGTTTGGCTGTTTCTGTATGTTTCTATTTATTGGTGGGGTTCT
White-tailed deer,ATGACTCATCAAACTCATGCTTATCATATGGTTAATCCTTCTCCTTGGCCTCTGACTGGTGCTCTGTCTGCTCTGCTGATGACTTCTGGTCTGATTATGTGGTTTCATTTTAATTCTACTACTCTGCTGATGCTGGGTCTGACTACTAATATGCTGACTATGTATCAATGGTGGCGTGATATTATTCGTGAATCTACTTTTCAAGGTCATCATACTCCTACTGTTCAAAAAGGTCTGCGTTATGGTATGATTCTGTTTATTATTTCTGAAGTTCTGTTTTTTACTGGTTTTTTTTGGGCTTTTTATCATTCTTCTCTGGCTCCTACTCCTGAACTGGGTGGTTGTTGGCCTCCTACTGGTATTCATCCTCTGAATCCTCTGGAAGTTCCTCTGCTGAATACTTCTGTTCTGCTGGCTTCTGGTGTTTCTATTACTTGGGCTCATCATTCTCTGATGGAAGGTAATCGTAATCCTATGCTGCAAGCTCTGTTTATTACTATTGCTCTGGGTGTTTATTTTACTCTGCTGCAAGCTTCTGAATATTATGAAGCTCCTTTTACTATTTCTGATGGTGTTTATGGTTCTACTTTTTTTGTTGCTACTGGTTTTCATGGTCTGCATGTTATTATTGGTTCTACTTTTCTGATTGTTTGTTTTTTTCGTCAACTGAAATATCATTTTACTTCTAATCATCATTTTGGTTTTGAAGCTGCTGCTTGGTATTGGCATTTTGTTGATGTTGTTTGGCTGTTTCTGTATGTTTCTATTTATTGGTGGGGTTCT
Reindeer,ATGACTCATCAAACTCATGCTTATCATATGGTTAATCCTTCTCCTTGGCCTCTGACTGGTGCTCTGTCTGCTCTGCTGATGACTTCTGGTCTGATTATGTGGTTTCATTTTAATTCTACTATTCTGCTGATGCTGGGTCTGACTACTAATATGCTGACTATGTATCAATGGTGGCGTGATATTATTCGTGAATCTACTTTTCAAGGTCATCATACTCCTACTGTTCAAAAAGGTCTGCGTTATGGTATGATTCTGTTTATTATTTCTGAAGTTCTGTTTTTTACTGGTTTTTTTTGGGCTTTTTATCATTCTTCTCTGGCTCCTACTCCTGAACTGGGTGGTTGTTGGCCTCCTACTGGTATTCATCCTCTGAATCCTCTGGAAGTTCCTCTGCTGAATACTTCTGTTCTGCTGGCTTCTGGTGTTTCTATTACTTGGGCTCATCATTCTCTGATGGAAGGTAATCGTAATCCTATGCTGCAAGCTCTGTTTATTACTATTGCTCTGGGTGTTTATTTTACTCTGCTGCAAGCTTCTGAATATTATGAAGCTCCTTTTACTATTTCTGATGGTGTTTATGGTTCTACTTTTTTTGTTGCTACTGGTTTTCATGGTCTGCATGTTATTATTGGTTCTACTTTTCTGATTGTTTGTTTTTTTCGTCAACTGAAATATCATTTTACTTCTTCTCATCATTTTGGTTTTGAAGCTGCTGCTTGGTATTGGCATTTTGTTGATGTTGTTTGGCTGTTTCTGTATGTTTCTATTTATTGGTGGGGTTCT
Domestic Yak,ATGACTCATCAAACTCATGCTTATCATATGGTTAATCCTTCTCCTTGGCCTCTGACTGGTGCTCTGTCTGCTCTGCTGATGACTTCTGGTCTGGCTATGTGGTTTCATTTTAATTCTACTGCTCTGCTGATGATTGGTCTGACTACTAATATGCTGACTATGTATCAATGGTGGCGTGATATTATTCGTGAATCTACTTTTCAAGGTCATCATACTCCTGCTGTTCAAAAAGGTCTGCGTTATGGTATGATTCTGTTTATTATTTCTGAAGTTCTGTTTTTTACTGGTTTTTTTTGGGCTTTTTATCATTCTTCTCTGGCTCCTACTCCTGAACTGGGTGGTTGTTGGCCTCCTACTGGTATTCATCCTCTGAATCCTCTGGAAGTTCCTCTGCTGAATACTTCTGTTCTGCTGGCTTCTGGTGTTTCTATTACTTGGGCTCATCATTCTCTGATGGAAGGTGATCGTAATCATATGCTGCAAGCTCTGTTTATTACTATTACTCTGGGTGTTTATTTTACTCTGCTGCAAGCTTCTGAATATTATGAAGCTCCTTTTACTATTTCTGATGGTATTTATGGTTCTACTTTTTTTGTTGCTACTGGTTTTCATGGTCTGCATGTTATTATTGGTTCTACTTTTCTGATTGTTTGTTTTTTTCGTCAACTGAAATTTCATTTTACTTCTAATCATCATTTTGGTTTTGAAGCTGCTGCTTGGTATTGGCATTTTGTTGATGTTGTTTGGCTGTTTCTGTATGTTTCTATTTATTGGTGGGGT
Cattle,ATGACTCATCAAACTCATGCTTATCATATGGTTAATCCTTCTCCTTGGCCTCTGACTGGTGCTCTGTCTGCTCTGCTGATGACTTCTGGTCTGACTATGTGGTTTCATTTTAATTCTATGACTCTGCTGATGATTGGTCTGACTACTAATATGCTGACTATGTATCAATGGTGGCGTGATGTTATTCGTGAATCTACTTTTCAAGGTCATCATACTCCTGCTGTTCAAAAAGGTCTGCGTTATGGTATGATTCTGTTTATTATTTCTGAAGTTCTGTTTTTTACTGGTTTTTTTTGGGCTTTTTATCATTCTTCTCTGGCTCCTACTCCTGAACTGGGTGGTTGTTGGCCTCCTACTGGTATTCATCCTCTGAATCCTCTGGAAGTTCCTCTGCTGAATACTTCTGTTCTGCTGGCTTCTGGTGTTTCTATTACTTGGGCTCATCATTCTCTGATGGAAGGTGATCGTAAACATATGCTGCAAGCTCTGTTTATTACTATTACTCTGGGTGTTTATTTTACTCTGCTGCAAGCTTCTGAATATTATGAAGCTCCTTTTACTATTTCTGATGGTGTTTATGGTTCTACTTTTTTTGTTGCTACTGGTTTTCATGGTCTGCATGTTATTATTGGTTCTACTTTTCTGATTGTTTGTTTTTTTCGTCAACTGAAATTTCATTTTACTTCTAATCATCATTTTGGTTTTGAAGCTGCTGCTTGGTATTGGCATTTTGTTGATGTTGTTTGGCTGTTTCTGTATGTTTCTATTTATTGGTGGGGT
Asian black bear,ATGACTCATCAAACTCATGCTTATCATATGGTTAATCCTTCTCCTTGGCCTCTGACTGGTGCTCTGTCTGCTCTGCTGATGACTTCTGGTCTGATTATGTGGTTTCATTTTAATTCTATGTTTCTGCTGTCTCTGGGTCTGACTACTAATATGCTGACTATGTATCAATGGTGGCGTGATATTATTCGTGAATCTACTTTTCAAGGTCATCATACTCCTGTTGTTCAAAAAGGTCTGCGTTATGGTATGGTTCTGTTTATTGTTTCTGAAGTTTTTTTTTTTGCTGGTTTTTTTTGGGCTTTTTATCATTCTTCTCTGGCTCCTACTCCTGAACTGGGTGCTTGTTGGCCTCCTACTGGTATTACTCCTCTGAATCCTCTGGAAGTTCCTCTGCTGAATACTTCTGTTCTGCTGGCTTCTGGTGTTTCTATTACTTGGGCTCATCATTCTCTGATGGAAGGTTCTCGTAAACATATGCTGCAAGCTCTGCTGATTACTATTTCTCTGGGTGTTTATTTTACTCTGCTGCAAGCTTCTGAATATTATGAAGCTTCTTTTACTATTTCTGATGGTGTTTATGGTTCTACTTTTTTTATGGCTACTGGTTTTCATGGTCTGCATGTTATTATTGGTTCTACTTTTCTGACTGTTTGTTTTCTGCGTCAACTGCATTTTCATTTTACTTCTTCTCATCATTTTGGTTTTGAAGCTGCTGCTTGGTATTGGCATTTTGTTGATGTTGTTTGGCTGTTTCTGTATGTTTCTATTTATTGGTGGGGTTCT
American black bear,ATGACTCATCAAACTCATGCTTATCATATGGTTAATCCTTCTCCTTGGCCTCTGACTGGTGCTCTGTCTGCTCTGCTGATGACTTCTGGTCTGATTATGTGGTTTCATTTTTCTTCTGTTTTTCTGCTGCTGCTGGGTCTGACTACTAATATGCTGACTATGTATCAATGGTGGCGTGATATTATTCGTGAATCTACTTTTCAAGGTCATCATACTCCTGTTGTTCAAAAAGGTCTGCGTTATGGTATGGTTCTGTTTATTGTTTCTGAAGTTTTTTTTTTTGCTGGTTTTTTTTGGGCTTTTTATCATTCTTCTCTGGCTCCTACTCCTGAACTGGGTGCTTGTTGGCCTCCTACTGGTATTACTCCTCTGAATCCTCTGGAAGTTCCTCTGCTGAATACTTCTGTTCTGCTGGCTTCTGGTGTTTCTATTACTTGGGCTCATCATTCTCTGATGGAAGGTAATCGTAAACATATGCTGCAAGCTCTGTTTATTACTATTTCTCTGGGTGTTTATTTTACTCTGCTGCAAGCTTCTGAATATTATGAAGCTTCTTTTACTATTTCTGATGGTGTTTATGGTTCTACTTTTTTTATGGCTACTGGTTTTCATGGTCTGCATGTTATTATTGGTTCTACTTTTCTGACTGTTTGTTTTCTGCGTCAACTGCATTTTCATTTTACTTCTTCTCATCATTTTGGTTTTGAAGCTGCTGCTTGGTATTGGCATTTTGTTGATGTTGTTTGGCTGTTTCTGTATGTTTCTATTTATTGGTGGGGTTCT
Polar bear,ATGACTCATCAAACTCATGCTTATCATATGGTTAATCCTTCTCCTTGGCCTCTGACTGGTGCTCTGTCTGCTCTGCTGATGACTTCTGGTCTGATTATGTGGTTTCATTTTAATTCTATGCTGCTGCTGCTGCTGGGTCTGACTACTAATATGCTGACTATGTATCAATGGTGGCGTGATATTATTCGTGAATCTACTTTTCAAGGTCATCATACTCCTGTTGTTCAAAAAGGTCTGCGTTATGGTATGGTTCTGTTTATTGTTTCTGAAGTTTTTTTTTTTGCTGGTTTTTTTTGGGCTTTTTATCATTCTTCTCTGGCTCCTACTCCTGAACTGGGTGCTTGTTGGCCTCCTACTGGTATTACTCCTCTGAATCCTCTGGAAGTTCCTCTGCTGAATACTTCTGTTCTGCTGGCTTCTGGTGTTTCTATTACTTGGGCTCATCATTCTCTGATGGAAGGTTCTCGTAAACATATGCTGCAAGCTCTGTTTATTACTATTTCTCTGGGTGTTTATTTTACTCTGCTGCAAGCTTCTGAATATTATGAAGCTTCTTTTACTATTTCTGATGGTGTTTATGGTTCTACTTTTTTTATGGCTACTGGTTTTCATGGTCTGCATGTTATTATTGGTTCTACTTTTCTGACTGTTTGTTTTCTGCGTCAACTGCATTTTCATTTTACTTCTTCTCATCATTTTGGTTTTGAAGCTGCTGCTTGGTATTGGCATTTTGTTGATGTTGTTTGGCTGTTTCTGTATGTTTCTATTTATTGGTGGGGTTCT
Giant panda,ATGATTCATCAAACTCATGCTTATCATATGGTTAATCCTTCTCCTTGGCCTCTGACTGGTGCTCTGTCTGCTCTGCTGATGACTTCTGGTCTGATTATGTGGTTTCATTTTAATTCTGTTTATCTGCTGATGCTGGGTCTGACTACTAATATGCTGACTATGTATCAATGGTGGCGTGATATTGTTCGTGAATCTACTTTTCAAGGTCATCATACTCCTATTGTTCAAAAAGGTCTGCGTTATGGTATGGTTCTGTTTATTGTTTCTGAAGTTTTTTTTTTTGCTGGTTTTTTTTGGGCTTTTTATCATTCTTCTCTGGCTCCTACTCCTGAACTGGGTGCTTGTTGGCCTCCTACTGGTATTATTCCTCTGAATCCTCTGGAAGTTCCTCTGCTGAATACTTCTGTTCTGCTGGCTTCTGGTGTTTCTATTACTTGGGCTCATCATTCTCTGATGGAAGGTGATCGTAAACATATGCTGCAAGCTCTGTTTATTACTATTTCTCTGGGTGTTTATTTTACTCTGCTGCAAGCTTCTGAATATTATGAAACTTCTTTTACTATTTCTGATGGTGTTTATGGTTCTACTTTTTTTATGGCTACTGGTTTTCATGGTCTGCATGTTATTATTGGTTCTACTTTTCTGACTGTTTGTTTTCTGCGTCAACTGCATTTTCATTTTACTTCTAATCATCATTTTGGTTTTGAAGCTGCTGCTTGGTATTGGCATTTTGTTGATGTTGTTTGGCTGTTTCTGTATGTTTCTATTTATTGGTGGGGTTCT
African bush elephant,ATGACTCATCAAACTCATGCTTATCATATGGTTGATCCTTCTCCTTGGCCTCTGACTGGTGCTCTGTCTGCTCTGCTGATGACTTCTGGTCTGACTATGTGGTTTCATTATCATTCTGTTACTCTGCTGCTGCTGGGTCTGACTACTAATATTCTGACTATGTTTCAATGGTGGCGTGATGTTGTTCGTGAAGGTACTTTTCAAGGTCATCATACTCCTGTTGTTCAAGAATCTCTGCGTTATGGTATGATTCTGTTTATTACTTCTGAAGTTCTGTTTTTTACTGGTTTTTTTTGGGCTTTTTATCATTCTTCTCTGGCTCCTACTCCTGAACTGGGTTCTTATTGGCCTCCTGTTGGTGTTTATCCTCTGAATCCTCTGGAAGTTCCTCTGCTGAATACTTCTGTTCTGCTGGCTTCTGGTGTTACTATTACTTGGGCTCATCATTCTCTGATGGAAGGTAATCGTAAAAATATGCTGCAAGCTCTGCTGATTACTATTCTGCTGGGTGTTTATTTTACTCTGCTGCAAATGTTTGAATATTATGAAGCTTCTTTTACTATTTCTGATGGTATTTATGGTTCTACTTTTTTTGTTACTACTGGTTTTCATGGTCTGCATGTTATTATTGGTTCTACTTTTCTGCTGACTTGTTTTATTCGTCAACTGAAATTTCATTTTACTTCTAATCATCATTTTGGTTTTGAAGCTGCTGCTTGGTATTGGCATTTTGTTGATGTTGTTTGGCTGTTTCTGTATCTGTCTATTTATTGGTGGGGTTCT
Northern giraffe,ATGACTCATCAAACTCATGCTTATCATATGGTTAATCCTTCTCCTTGGCCTCTGACTGGTGCTCTGTCTGCTCTGCTGATGACTTCTGGTCTGACTATGTGGTTTCATTTTAATTCTGTTATTCTGCTGTTTCTGGGTCTGACTACTAATATGCTGACTATGTATCAATGGTGGCGTGATGTTATTCGTGAATCTACTTTTCAAGGTCATCATACTCCTACTGTTCAAAAAGGTCTGCGTTATGGTATGATTCTGTTTATTGTTTCTGAAGTTCTGTTTTTTACTGGTTTTTTTTGGGCTTTTTATCATTCTTCTCTGGCTCCTACTCCTGAACTGGGTGGTTGTTGGCCTCCTACTGGTATTCATCCTCTGAATCCTATGGAAGTTCCTCTGCTGAATACTTCTGTTCTGCTGGCTTCTGGTGTTTCTATTACTTGGGCTCATCATTCTCTGATGGAAGGTAATCGTAAACATATGCTGCAAGCTCTGTTTATTACTATTTCTCTGGGTGTTTATTTTACTCTGCTGCAAGCTTCTGAATATTATGAAGCTCCTTTTACTATTTCTGATGGTGTTTATGGTTCTACTTTTTTTGTTGCTACTGGTTTTCATGGTCTGCATGTTATTATTGGTACTACTTTTCTGATTGTTTGTTTTTTTCGTCAACTGAAATTTCATTTTACTTCTTCTCATCATTTTGGTTTTGAAGCTGCTGCTTGGTATTGGCATTTTGTTGATGTTGTTTGGCTGTTTCTGTATGTTTCTATTTATTGGTGGGGTTCT
Indian rhinoceros,ATGACTCATCAAACTCATGCTTATCATATGGTTAATCCTTCTCCTTGGCCTCTGACTGGTGCTCTGTCTGCTCTGCTGATGACTTCTGGTCTGGTTATGTGGTTTCATTATAATTCTACTCTGCTGCTGACTCTGGGTCTGACTACTAATCTGCTGACTATGTATCAATGGTGGCGTGATATTATTCGTGAATCTACTTTTCAAGGTCATCATACTCCTGCTGTTCAAAAAGGTCTGCGTTATGGTATGATTCTGTTTATTATTTCTGAAGTTTTTTTTTTTTCTGGTTTTTTTTGGGCTTTTTATCATTCTTCTCTGGCTCCTACTCCTGAACTGGGTGGTTGTTGGCCTCCTACTGGTATTCATCCTCTGAATCCTATGGAAGTTCCTCTGCTGAATACTTCTGTTCTGCTGGCTTCTGGTGTTTCTATTACTTGGGCTCATCATTCTCTGATGGAAGGTAATCGTAAACATATGCTGCAAGCTCTGTTTATTACTATTTCTCTGGGTATTTATTTTACTCTGCTGCAAGCTTCTGAATATTATGAAGCTCCTTTTACTATTTCTGATGGTGTTTATGGTTCTACTTTTTTTGTTGCTACTGGTTTTCATGGTCTGCATGTTATTATTGGTTCTACTTTTCTGATTGTTTGTTTTCTGCGTCAACTGAAATTTCATTTTACTTCTAATCATCATTTTGGTTTTGAAGCTGCTGCTTGGTATTGGCATTTTGTTGATGTTGTTTGGCTGTTTCTGTATGTTTCTATTTATTGGTGGGGTTCT
White rhinoceros,ATGACTCATCAAACTCATGCTTATCATATGGTTAATCCTTCTCCTTGGCCTCTGACTGGTGCTCTGTCTGCTCTGCTGATGACTTCTGGTCTGGCTATGTGGTTTCATTATAATTCTATGCTGCTGCTGACTCTGGGTCTGATGACTAATCTGCTGACTATGTATCAATGGTGGCGTGATATTGTTCGTGAATCTACTTTTCAAGGTCATCATACTCTGGTTGTTCAAAAAGGTCTGCGTTATGGTATGATTCTGTTTATTATTTCTGAAGTTTTTTTTTTTTCTGGTTTTTTTTGGGCTTTTTATCATTCTTCTCTGGCTCCTACTCCTGAACTGGGTGGTTGTTGGCCTCCTACTGGTATTCATCCTCTGAATCCTATGGAAGTTCCTCTGCTGAATACTTCTGTTCTGCTGGCTTCTGGTGTTTCTATTACTTGGGCTCATCATTCTCTGATGGAAGGTAATCGTAAACATATGCTGCAAGCTCTGTTTATTACTATTTCTCTGGGTGTTTATTTTACTCTGCTGCAAGCTTCTGAATATTATGAAGCTCCTTTTACTATTTCTGATGGTATTTATGGTTCTACTTTTTTTGTTGCTACTGGTTTTCATGGTCTGCATGTTATTATTGGTTCTACTTTTCTGATTGTTTGTTTTCTGCGTCAACTGAAATTTCATTTTACTTCTAATCATCATTTTGGTTTTGAAGCTGCTGCTTGGTATTGGCATTTTGTTGATGTTGTTTGGCTGTTTCTGTATGTTTCTATTTATTGGTGGGGTTCT
Eastern gray kangaroo,ATGACTCATCAAACTCATGCTTATCATATGGTTAATCCTTCTCCTTGGCCTCTGACTGGTGCTCTGTCTGCTCTGCTGCTGACTTCTGGTCTGATTATGTGGTTTCATTTTAATTCTTCTCTGCTGGTTATTATTGGTCTGACTTGTATGCTGCTGACTATGTATCAATGGTGGCGTGATATTATTCGTGAAGGTACTTTTCAAGGTCATCATACTCCTGTTGTTCAAAAAGGTCTGCGTTATGGTATGGTTCTGTTTATTGTTTCTGAAGTTTTTTTTTTTCTGGGTTTTTTTTGGGCTTTTTATCATTCTTCTCTGGCTCCTACTCCTGAACTGGGTGGTTGTTGGCCTCCTACTGGTATTCATCCTCTGAATCCTCTGGAAGTTCCTCTGCTGAATACTTCTATTCTGCTGGCTTCTGGTGTTTCTATTACTTGGGCTCATCATTCTCTGATGGAAGGTAATCGTAAACAAATGATTCAAGCTCTGTCTATTACTATTCTGCTGGGTCTGTATTTTACTGTTCTGCAAGCTTCTGAATATTATGAATCTTCTTTTACTATTTCTGATGGTGTTTATGGTTCTACTTTTTTTGTTGCTACTGGTTTTCATGGTCTGCATGTTATTATTGGTACTACTTTTCTGATTGTTTGTCTGCTGCGTCAATTTAATTTTCATTTTACTTCTACTCATCATTTTGGTTTTGAAGCTGCTGCTTGGTATTGGCATTTTGTTGATGTTGTTTGGCTGTTTCTGTATGTTTCTATTTATTGGTGGGGTTCT
Virginia opossum,ATGACTCATCAAACTCATGCTTATCATATGGTTAATCCTTCTCCTTGGCCTCTGACTGGTGCTCTGTCTGCTCTGCTGCTGACTTCTGGTCTGATTATGTGGTTTCATTATAATTCTTCTACTCTGATGTTTATGGGTCTGACTACTATGCTGCTGACTATGTATCAATGGTGGCGTGATATTATTCGTGAAGGTACTTTTCAAGGTCATCATACTCCTGTTGTTCAAAAAGGTCTGCGTTATGGTATGATTCTGTTTATTCTGTCTGAAGTTTTTTTTTTTATTGGTTTTTTTTGGGCTTTTTATCATTCTTCTCTGGCTCCTACTCCTGAACTGGGTGGTTGTTGGCCTCCTACTGGTATTCATCCTCTGAATCCTCTGGAAGTTCCTCTGCTGAATACTTCTATTCTGCTGGCTTCTGGTGTTTCTATTACTTGGGCTCATCATTCTCTGATGGAAGGTAATCGTAAACAAATGATTCAAGCTCTGCTGATTACTATTTCTCTGGGTCTGTATTTTACTATTCTGCAAGCTATGGAATATTATGAAGCTTCTTTTACTATTTCTGATGGTGTTTATGGTTCTACTTTTTTTGTTGCTACTGGTTTTCATGGTCTGCATGTTATTATTGGTTCTACTTTTCTGATTGTTTGTCTGCTGCGTCAACTGTTTTATCATTTTACTTCTACTCATCATTTTGGTTTTGAAGCTGCTGCTTGGTATTGGCATTTTGTTGATGTTGTTTGGCTGTTTCTGTATGTTTCTATTTATTGGTGGGGTTCT
Wallaby,ATGACTCATCAAACTCATGCTTATCATATGGTTAATCCTTCTCCTTGGCCTCTGACTGGTGCTCTGTCTGCTCTGCTGCTGACTTCTGGTCTGATTATGTGGTTTCATTTTAATTCTTCTCTGCTGGTTATTATTGGTCTGACTTGTATGCTGCTGACTATGTATCAATGGTGGCGTGATATTGTTCGTGAAGGTACTTTTCAAGGTCATCATACTCCTGTTGTTCAAAAAGGTCTGCGTTATGGTATGGTTCTGTTTATTGTTTCTGAAGTTTTTTTTTTTCTGGGTTTTTTTTGGGCTTTTTATCATTCTTCTCTGGCTCCTACTCCTGAACTGGGTGGTTGTTGGCCTCCTACTGGTATTCATCCTCTGAATCCTCTGGAAGTTCCTCTGCTGAATACTTCTATTCTGCTGGCTTCTGGTGTTTCTATTACTTGGGCTCATCATTCTCTGATGGAAGGTAATCGTAAACAAATGATTCAAGCTCTGTCTATTACTATTCTGCTGGGTCTGTATTTTACTATTCTGCAAGCTTCTGAATATTATGAATCTTCTTTTACTATTTCTGATGGTGTTTATGGTTCTACTTTTTTTGTTGCTACTGGTTTTCATGGTCTGCATGTTATTATTGGTACTACTTTTCTGATTGTTTGTCTGCTGCGTCAATTTAATTTTCATTTTACTTCTACTCATCATTTTGGTTTTGAAGCTGCTGCTTGGTATTGGCATTTTGTTGATGTTGTTTGGCTGTTTCTGTATGTTTCTATTTATTGGTGGGGTTCT
Koala,ATGACTCATCAAACTCATGCTTATCATATGGTTAATCCTTCTCCTTGGCCTCTGACTGGTGCTCTGTCTGCTCTGCTGCTGACTTCTGGTCTGACTATGTGGTTTCATTCTAATTCTCTGCTGCTGCTGATGACTGGTCTGACTTGTATGCTGCTGACTATGTATCAATGGTGGCGTGATATTATTCGTGAAGGTACTTTTCAAGGTCATCATACTCCTGTTGTTCAAAAAAATCTGCGTTATGGTATGATTCTGTTTATTCTGTCTGAAGCTTTTTTTTTTCTGGGTTTTTTTTGGGCTTTTTATCATTCTTCTCTGGCTCCTACTCCTGAAATTGGTTCTTGTTGGCCTCCTACTGGTATTCATCCTCTGGATCCTTTTGAAATTCCTCTGCTGAATACTTCTATTCTGCTGGCTTCTGGTGTTTCTATTACTTGGGCTCATCATTCTCTGATGGAAGGTCATCGTAATCATACTATTCAAGCTCTGTCTATTACTATTCTGCTGGGTCTGTATTTTACTATGCTGCAAGCTATGGAATATTATGAAGCTTCTTTTACTATGTCTGATGGTATTTATGGTTCTACTTTTTTTATGTCTACTGGTTTTCATGGTCTGCATGTTATTATTGGTTCTACTTTTCTGACTGTTTGTCTGATGCGTCAACTGAAATATCATTTTACTACTACTCATCATCTGGGTTTTGAAGCTGCTGCTTGGTATTGGCATTTTGTTGATGTTGTTTGGCTGTTTCTGTATGTTTCTATTTATTGGTGGGGTTCT
Platypus,ATGACTCATCAAACTCATGCTTATCATATGGTTAATCCTTCTCCTTGGCCTCTGACTGGTGCTATGTCTGCTCTGCTGCTGACTTCTGGTCTGATTATGTGGTTTCATTTTAATTCTTATACTCTGCTGCTGCTGGGTCTGCTGACTAATCTGATTTCTTCTTATCAATGGTGGCGTGATATTGTTCGTGAAGGTACTTATCAAGGTCATCATACTAAAATTGTTCAAAAAGGTCTGCGTTATGGTATGATTCTGTTTATTATTTCTGAAGTTTTTTTTTTTCTGGGTTTTTTTTGGGCTTTTTATCATTCTTCTCTGGCTCCTACTCCTGAACTGGGTGGTTGTTGGCCTCCTACTGGTATTTCTCCTCTGAATCCTCTGGAAGTTCCTCTGCTGAATACTTCTATTCTGCTGGCTTCTGGTGTTTCTATTACTTGGGCTCATCATTCTCTGATGGAAGGTAATCGTAAACAAATGCTGCAAGCTCTGACTATTACTATTGCTCTGGGTCTGTATTTTACTGCTCTGCAAGCTATGGAATATTATGAAGCTTCTTTTACTATTTCTGATGGTGTTTATGGTTCTACTTTTTTTGTTGCTACTGGTTTTCATGGTCTGCATGTTATTATTGGTACTACTTTTCTGATTACTTGTCTGGTTCGTCAAACTCTGTATCATTTTACTTCTAATCATCATTTTGGTTTTGAAGCTGCTGCTTGGTATTGGCATTTTGTTGATGTTGTTTGGCTGTTTCTGTATGTTTCTATTTATTGGTGGGGTTCT
Brown rat,ATGACTCATCAAACTCATGCTTATCATATGGTTAATCCTTCTCCTTGGCCTCTGACTGGTGCTCTGTCTGCTCTGCTGCTGACTTCTGGTCTGGTTATGTGGTTTCATTATAATTCTACTATTCTGCTGTCTCTGGGTCTGCTGACTAATATTCTGACTATGTATCAATGGTGGCGTGATATTATTCGTGAAGGTACTTATCAAGGTCATCATACTCCTATTGTTCAAAAAGGTCTGCGTTATGGTATGATTCTGTTTATTGTTTCTGAAGTTTTTTTTTTTGCTGGTTTTTTTTGGGCTTTTTATCATTCTTCTCTGGTTCCTACTCATGATCTGGGTGGTTGTTGGCCTCCTACTGGTATTACTCCTCTGAATCCTCTGGAAGTTCCTCTGCTGAATACTTCTGTTCTGCTGGCTTCTGGTGTTTCTATTACTTGGGCTCATCATTCTCTGATGGAAGGTAATCGTAATCATATGAATCAAGCTCTGCTGATTACTATTCTGCTGGGTCTGTATTTTACTATTCTGCAAGCTTCTGAATATTTTGAAACTTCTTTTTCTATTTCTGATGGTATTTATGGTTCTACTTTTTTTATGGCTACTGGTTTTCATGGTCTGCATGTTATTATTGGTTCTACTTTTCTGATTGTTTGTCTGCTGCGTCAACTGAAATTTCATTTTACTTCTAAACATCATTTTGGTTTTGAAGCTGCTGCTTGGTATTGGCATTTTGTTGATGTTGTTTGGCTGTTTCTGTATGTTTCTATTTATTGGTGGGGTTCT
House mouse,ATGACTCATCAAACTCATGCTTATCATATGGTTAATCCTTCTCCTTGGCCTCTGACTGGTGCTTTTTCTGCTCTGCTGCTGACTTCTGGTCTGGTTATGTGGTTTCATTATAATTCTATTACTCTGCTGACTCTGGGTCTGCTGACTAATATTCTGACTATGTATCAATGGTGGCGTGATGTTATTCGTGAAGGTACTTATCAAGGTCATCATACTCCTATTGTTCAAAAAGGTCTGCGTTATGGTATGATTCTGTTTATTGTTTCTGAAGTTTTTTTTTTTGCTGGTTTTTTTTGGGCTTTTTATCATTCTTCTCTGGTTCCTACTCATGATCTGGGTGGTTGTTGGCCTCCTACTGGTATTTCTCCTCTGAATCCTCTGGAAGTTCCTCTGCTGAATACTTCTGTTCTGCTGGCTTCTGGTGTTTCTATTACTTGGGCTCATCATTCTCTGATGGAAGGTAAACGTAATCATATGAATCAAGCTCTGCTGATTACTATTATGCTGGGTCTGTATTTTACTATTCTGCAAGCTTCTGAATATTTTGAAACTTCTTTTTCTATTTCTGATGGTATTTATGGTTCTACTTTTTTTATGGCTACTGGTTTTCATGGTCTGCATGTTATTATTGGTTCTACTTTTCTGATTGTTTGTCTGCTGCGTCAACTGAAATTTCATTTTACTTCTAAACATCATTTTGGTTTTGAAGCTGCTGCTTGGTATTGGCATTTTGTTGATGTTGTTTGGCTGTTTCTGTATGTTTCTATTTATTGGTGGGGTTCT
Guinea pig,ATGACTCATCAAACTCATGCTTATCATATGGTTAATCCTTCTCCTTGGCCTCTGACTGGTGCTCTGTCTGCTCTGCTGCTGACTTCTGGTATGATTATGTGGTTTCATTTTAATTCTAAAACTCTGCTGATGCTGTCTTTTCTGGCTAATGCTCTGACTATGTATCAATGGTGGCGTGATATTGTTCGTGAAGGTACTTATCAAGGTCATCATACTACTGTTGTTCAAAAAGGTCTGCGTTATGGTATGATTCTGTTTATTATTTCTGAAGTTTTTTTTTTTTCTGGTTTTTTTTGGGCTTTTTATCATTCTTCTCTGGCTCCTACTCCTGAACTGGGTGGTTTTTGGCCTCCTGCTGGTATTAATCCTCTGAATCCTATGGAAGTTCCTCTGCTGAATACTTCTGTTCTGCTGGCTTCTGGTGTTTCTATTACTTGGTCTCATCATTCTCTGATGGAAGGTTCTCGTAAACAAATGATTCAAGCTCTGACTATTACTATTGCTCTGGGTATTTATTTTACTCTGCTGCAAGCTTCTGAATATTATGAAGCTTCTTTTTCTATTTCTGATGGTGTTTATGGTTCTACTTTTTTTGTTGCTACTGGTTTTCATGGTCTGCATGTTATTATTGGTTCTTCTTTTCTGGCTGTTTGTCTGCTGCGTCAACTGCTGTATCATTTTACTTCTAAACATCATTTTGGTTTTGAAGCTGCTGCTTGGTATTGGCATTTTGTTGATGTTGTTTGGCTGTTTCTGTATGTTTCTATTTATTGGTGGGGTTCT
Chipmunk,ATGACTCATCAAACTCATGCTTATCATATGGTTAATCCTTCTCCTTGGCCTCTGACTGGTGCTCTGTCTGCTCTGCTGCTGACTTCTGGTCTGGTTATGTGGTTTCATTTTAATTCTACTACTCTGCTGACTCTGGGTATGCTGACTAATATGCTGACTATGTATCAATGGTGGCGTGATGTTATTCGTGAAGGTACTTTTCAAGGTCATCATACTTCTATTGTTCAAAAAGGTCTGCGTTATGGTATGGTTCTGTTTATTATTTCTGAAGTTTTTTTTTTTGCTGGTTTTTTTTGGGCTTTTTATCATTCTTCTCTGGCTCCTACTCCTGAACTGGGTTCTTGTTGGCCTCCTATTGGTATTAATCCTCTGAATCCTCTGGAAGTTCCTCTGCTGAATACTTCTGTTCTGCTGGCTTCTGGTGTTTCTATTACTTGGGCTCATCATTCTCTGATGGAAGGTAATCGTAAACATATGATTCAAGCTCTGTCTATTACTATTGCTCTGGGTCTGTATTTTACTCTGCTGCAAGCTTCTGAATATCTGGAAACTTCTTTTACTATTTCTGATGGTATTTATGGTTCTACTTTTTTTATGGCTACTGGTTTTCATGGTCTGCATGTTATTATTGGTTCTACTTTTCTGCTGGTTTGTCTGATGCGTCAACTGAATTTTCATTTTACTTCTAAACATCATTTTGGTTTTGAAGCTGCTGCTTGGTATTGGCATTTTGTTGATGTTGTTTGGCTGTTTCTGTATGTTTCTATTTATTGGTGGGGTTCT
American beaver,ATGACTCATCAAGTTCATGCTTATCATATGGTTAATCCTTCTCCTTGGCCTCTGACTGGTGCTCTGTCTGCTCTGCTGATGACTTCTGGTCTGGCTATGTGGTTTCATTTTAATTCTATTTCTCTGCTGACTCTGGGTCTGCTGACTAATTCTCTGACTATGTATCAATGGTGGCGTGATGTTGTTCGTGAAGGTACTTTTCAAGGTCATCATACTCCTATTGTTCAAAAAGGTCTGCGTTATGGTATGGTTCTGTTTATTGTTTCTGAAGTTTTTTTTTTTGCTGGTTTTTTTTGGGCTTTTTATCATTCTTCTCTGGCTCCTACTCCTGAACTGGGTGGTTGTTGGCCTCCTACTGGTATTAATCCTCTGGATCCTCTGGATGTTCCTCTGCTGAATACTTCTGTTCTGCTGGCTTCTGGTGTTTCTATTACTTGGGCTCATCATTCTCTGATGGAAGGTTCTCGTAAAAATATGATTCAAGCTCTGTCTATTACTATTCTGCTGGGTATTTATTTTACTCTGCTGCAAGCTTCTGAATATTTTGAAACTTCTTTTACTATTTCTGATGGTATTTATGGTTCTACTTTTTTTATGGCTACTGGTTTTCATGGTCTGCATGTTATTATTGGTTCTACTTTTCTGCTGGTTTGTCTGACTCGTCAACTGAAATTTCATTTTACTTCTAAACATCATTTTGGTTTTGAAGCTGCTGCTTGGTATTGGCATTTTGTTGATGTTGTTTGGCTGTTTCTGTATGTTTCTATTTATTGGTGGGGTTCT
Fox squirrel,ATGACTCATCAAACTCATGCTTATCATATGGTTAATCCTTCTCCTTGGCCTCTGACTGGTGCTCTGTCTGCTCTGCTGCTGACTTCTGGTCTGATTATGTGGTTTCATTTTAATTCTAATTCTCTGCTGACTCTGGGTCTGATGACTAATATGCTGACTATGTATCAATGGTGGCGTGATATTGTTCGTGAAGGTACTTTTCAAGGTCATCATACTGCTATTGTTCAAAAAGGTCTGCGTTATGGTATGATTCTGTTTATTATTTCTGAAGTTTTTTTTTTTGCTGGTTTTTTTTGGGCTTTTTATCATTCTTCTCTGGCTCCTACTCCTGAACTGGGTGGTTGTTGGCCTCCTGTTGGTATTAATCCTCTGAATCCTCTGGAAGTTCCTCTGCTGAATACTTCTGTTCTGCTGGCTTCTGGTGTTTCTATTACTTGGGCTCATCATTCTCTGATGGAAGGTAATCGTAATCATATGCTGCAAGCTCTGGCTATTACTATTGCTCTGGGTCTGTATTTTACTCTGCTGCAAGCTTCTGAATATCTGGAAACTTCTTTTACTATTTCTGATTCTGTTTATGGTTCTACTTTTTTTATGGCTACTGGTTTTCATGGTCTGCATGTTATTATTGGTTCTACTTTTCTGTCTGTTTGTCTGATGCGTCAACTGAATTATCATTTTACTTCTAATCATCATTTTGGTTTTGAAGCTGCTGCTTGGTATTGGCATTTTGTTGATGTTGTTTGGCTGTTTCTGTATGTTTCTATTTATTGGTGGGGTTCT
Malayan porcupine,ATGACTCATCAAACTCATGCTTATCATATGGTTAATCCTTCTCCTTGGCCTCTGACTGGTGCTCTGTCTGCTCTGCTGCTGACTTCTGGTCTGATTATGTGGTTTCATTTTAATTCTAAACTGCTGCTGTCTCTGGGTCTGCTGACTAATACTCTGACTATGTATCAATGGTGGCGTGATATTGTTCGTGAAGGTACTTTTCAAGGTCATCATACTCCTATTGTTCAAAAAGGTCTGCGTTATGGTATGGTTCTGTTTATTATTTCTGAAGTTTTTTTTTTTTCTGGTTTTTTTTGGGCTTTTTATCATTCTTCTCTGGCTCCTACTCCTGAACTGGGTGGTTGTTGGCCTCCTACTGGTATTAAACCTCTGAATCCTATGGAAGTTCCTCTGCTGAATACTTCTGTTCTGCTGGCTTCTGGTGTTTCTATTACTTGGGCTCATCATTCTCTGATGGAAGGTAATCGTAAACAAATGATTCAAGGTCTGTCTATTACTATTGCTCTGGGTATTTATTTTACTCTGCTGCAAGCTTCTGAATATTTTGAAACTTCTTTTACTATTTCTGATGGTGTTTATGGTTCTACTTTTTTTGTTGCTACTGGTTTTCATGGTCTGCATGTTATTATTGGTTCTACTTTTCTGACTGTTTGTCTGCTGCGTCAACTGTTTTATCATTTTACTTCTAAACATCATTTTGGTTTTGAAGCTGCTGCTTGGTATTGGCATTTTGTTGATGTTGTTTGGCTGTTTCTGTATGTTTCTATTTATTGGTGGGGTTCT
Human,ATGACTCATCAATCTCATGCTTATCATATGGTTAAACCTTCTCCTTGGCCTCTGACTGGTGCTCTGTCTGCTCTGCTGATGACTTCTGGTCTGGCTATGTGGTTTCATTTTCATTCTATGACTCTGCTGATGCTGGGTCTGCTGACTAATACTCTGACTATGTATCAATGGTGGCGTGATGTTACTCGTGAATCTACTTATCAAGGTCATCATACTCCTCCTGTTCAAAAAGGTCTGCGTTATGGTATGATTCTGTTTATTACTTCTGAAGTTTTTTTTTTTGCTGGTTTTTTTTGGGCTTTTTATCATTCTTCTCTGGCTCCTACTCCTCAACTGGGTGGTCATTGGCCTCCTACTGGTATTACTCCTCTGAATCCTCTGGAAGTTCCTCTGCTGAATACTTCTGTTCTGCTGGCTTCTGGTGTTTCTATTACTTGGGCTCATCATTCTCTGATGGAAAATAATCGTAATCAAATGATTCAAGCTCTGCTGATTACTATTCTGCTGGGTCTGTATTTTACTCTGCTGCAAGCTTCTGAATATTTTGAATCTCCTTTTACTATTTCTGATGGTATTTATGGTTCTACTTTTTTTGTTGCTACTGGTTTTCATGGTCTGCATGTTATTATTGGTTCTACTTTTCTGACTATTTGTTTTATTCGTCAACTGATGTTTCATTTTACTTCTAAACATCATTTTGGTTTTGAAGCTGCTGCTTGGTATTGGCATTTTGTTGATGTTGTTTGGCTGTTTCTGTATGTTTCTATTTATTGGTGGGGTTCT
Neanderthal,ATGACTCATCAATCTCATGCTTATCATATGGTTAAACCTTCTCCTTGGCCTCTGACTGGTGCTCTGTCTGCTCTGCTGATGACTTCTGGTCTGGCTATGTGGTTTCATTTTCATTCTACTACTCTGCTGATGCTGGGTCTGCTGACTAATACTCTGACTATGTATCAATGGTGGCGTGATGTTACTCGTGAATCTACTTATCAAGGTCATCATACTCCTCCTGTTCAAAAAGGTCTGCGTTATGGTATGGTTCTGTTTATTACTTCTGAAGTTTTTTTTTTTGCTGGTTTTTTTTGGGCTTTTTATCATTCTTCTCTGGCTCCTACTCCTCAACTGGGTGGTCATTGGCCTCCTACTGGTATTACTCCTCTGAATCCTCTGGAAGTTCCTCTGCTGAATACTTCTGTTCTGCTGGCTTCTGGTGTTTCTATTACTTGGGCTCATCATTCTCTGATGGAAAATAATCGTAATCAAATGATTCAAGCTCTGCTGATTACTATTCTGCTGGGTCTGTATTTTACTCTGCTGCAAGCTTCTGAATATTTTGAATCTCCTTTTACTATTTCTGATGGTATTTATGGTTCTACTTTTTTTGTTGCTACTGGTTTTCATGGTCTGCATGTTATTATTGGTTCTACTTTTCTGACTATTTGTTTTATTCGTCAACTGATGTTTCATTTTACTTCTAAACATCATTTTGGTTTTGAAGCTGCTGCTTGGTATTGGCATTTTGTTGATGTTGTTTGGCTGTTTCTGTATGTTTCTATTTATTGGTGGGGTTCT
Chimpanzee,ATGACTCATCAATCTCATGCTTATCATATGGTTAAACCTTCTCCTTGGCCTCTGACTGGTGCTCTGTCTGCTCTGCTGATGACTTCTGGTCTGGCTATGTGGTTTCATTTTTATTCTACTACTCTGCTGACTCTGGGTCTGCTGACTAATACTCTGACTATGTATCAATGGTGGCGTGATGTTATGCGTGAAGGTACTTATCAAGGTCATCATACTCCTCCTGTTCAAAAAGGTCTGCGTTATGGTATGATTCTGTTTATTACTTCTGAAGTTTTTTTTTTTGCTGGTTTTTTTTGGGCTTTTTATCATTCTTCTCTGGCTCCTACTCCTCAACTGGGTGGTCATTGGCCTCCTACTGGTATTACTCCTCTGAATCCTCTGGAAGTTCCTCTGCTGAATACTTCTGTTCTGCTGGCTTCTGGTGTTTCTATTACTTGGGCTCATCATTCTCTGATGGAAAATAATCGTAATCAAATGATTCAAGCTCTGCTGATTACTATTCTGCTGGGTCTGTATTTTACTCTGCTGCAAGCTTCTGAATATTTTGAATCTCCTTTTACTATTTCTGATGGTATTTATGGTTCTACTTTTTTTGTTGCTACTGGTTTTCATGGTCTGCATGTTATTATTGGTTCTACTTTTCTGACTATTTGTCTGATTCGTCAACTGATGTTTCATTTTACTTCTAAACATCATTTTGGTTTTCAAGCTGCTGCTTGGTATTGGCATTTTGTTGATGTTGTTTGGCTGTTTCTGTATGTTTCTATTTATTGGTGGGGTTCT
Orangutan,ATGGCTCATCAATCTCATGCTTATCATATGGTTAAACCTTCTCCTTGGCCTCTGACTGGTGCTCTGTCTGCTCTGCTGACTACTTCTGGTCTGACTATGTGGTTTCATTTTCATTCTACTACTCTGCTGCTGACTGGTCTGCTGACTAATGCTCTGACTATGTATCAATGGTGGCGTGATGTTGTTCGTGAATCTACTTATCAAGGTCATCATACTCTGCCTGTTCAAAAAGGTCTGCGTTATGGTATGATTCTGTTTATTACTTCTGAAGTTTTTTTTTTTGCTGGTTTTTTTTGGGCTTTTTATCATTCTTCTCTGGCTCCTACTCCTCAACTGGGTGGTCATTGGCCTCCTACTGGTATTATTCCTCTGAATCCTCTGGAAGTTCCTCTGCTGAATACTTCTGTTCTGCTGGCTTCTGGTGTTTCTATTACTTGGGCTCATCATTCTCTGATGGAAAATAATCGTACTCAAATGATTCAAGCTCTGCTGATTACTATTCTGCTGGGTATTTATTTTACTCTGCTGCAAGCTTCTGAATATATTGAAGCTCCTTTTACTATTTCTGATGGTATTTATGGTTCTACTTTTTTTATGGCTACTGGTTTTCATGGTCTGCATGTTATTATTGGTTCTACTTTTCTGACTGTTTGTCTGGCTCGTCAACTGCTGTTTCATTTTACTTCTAAACATCATTTTGGTTTTGAAGCTGCTGCTTGGTATTGGCATTTTGTTGATGTTGTTTGGCTGTTTCTGTATGTTTCTATTTATTGGTGGGGTTCT
Gorilla,ATGATTCATCAATCTCATGCTTATCATATGGTTAAACCTTCTCCTTGGCCTCTGACTGGTGCTCTGTCTGCTCTGCTGATGACTTCTGGTCTGGCTATGTGGTTTCATTTTCATTCTACTACTCTGCTGATGCTGGGTCTGCTGACTAATATGCTGACTATGTATCAATGGTGGCGTGATGTTATGCGTGAATCTACTTATCAAGGTCATCATACTCTGCCTGTTCAAAAAGGTCTGCGTTATGGTATGATTCTGTTTATTACTTCTGAAGTTTTTTTTTTTGCTGGTTTTTTTTGGGCTTTTTATCATTCTTCTCTGGCTCCTACTCCTCAACTGGGTGCTCATTGGCCTCCTACTGGTATTACTCCTCTGAATCCTCTGGAAGTTCCTCTGCTGAATACTTCTGTTCTGCTGGCTTCTGGTGTTTCTATTACTTGGGCTCATCATTCTCTGATGGAAAATAATCGTAATCAAATGATTCAAGCTCTGCTGATTACTATTCTGCTGGGTCTGTATTTTACTCTGCTGCAAGCTTCTGAATATTTTGAAGCTCCTTTTACTATTTCTGATGGTATTTATGGTTCTACTTTTTTTGTTGCTACTGGTTTTCATGGTCTGCATGTTATTATTGGTTCTACTTTTCTGACTATTTGTCTGATTCGTCAACTGATGTTTCATTTTACTTCTAAACATCATTTTGGTTTTGAAGCTGCTGCTTGGTATTGGCATTTTGTTGATGTTGTTTGGCTGTTTCTGTATGTTTCTATTTATTGGTGGGGTTCT
Bonobo,ATGGCTCATCAATCTCATGCTTATCATATGGTTAAACCTTCTCCTTGGCCTCTGACTGGTGCTCTGTCTGCTCTGCTGATGACTTCTGGTCTGGCTATGTGGTTTCATTTTTATTCTACTACTCTGCTGACTCTGGGTCTGCTGACTAATACTCTGACTATGTATCAATGGTGGCGTGATGTTATGCGTGAATCTACTTATCAAGGTCATCATACTCCTCCTGTTCAAAAAGGTCTGCGTTATGGTATGATTCTGTTTATTACTTCTGAAGTTTTTTTTTTTGCTGGTTTTTTTTGGGCTTTTTATCATTCTTCTCTGGCTCCTACTCCTCAACTGGGTGGTCATTGGCCTCCTACTGGTATTACTCCTCTGAATCCTCTGGAAGTTCCTCTGCTGAATACTTCTGTTCTGCTGGCTTCTGGTGTTTCTATTACTTGGGCTCATCATTCTCTGATGGAAAATAATCGTAATCAAATGATTCAAGCTCTGCTGATTACTATTCTGCTGGGTCTGTATTTTACTCTGCTGCAAGCTTCTGAATATTTTGAATCTCCTTTTACTATTTCTGATGGTATTTATGGTTCTACTTTTTTTGTTGCTACTGGTTTTCATGGTCTGCATGTTATTATTGGTTCTACTTTTCTGACTATTTGTCTGATTCGTCAACTGATGTTTCATTTTACTTCTAAACATCATTTTGGTTTTGAAGCTGCTGCTTGGTATTGGCATTTTGTTGATGTTGTTTGGCTGTTTCTGTATGTTTCTATTTATTGGTGGGGTTCT
Dog,ATGACTCATCAAACTCATGCTTATCATATGGTTAATCCTTCTCCTTGGCCTCTGACTGGTGCTCTGTCTGCTCTGCTGATGACTTCTGGTCTGATTATGTGGTTTCATTATAATTCTATGGCTCTGCTGACTCTGGGTTTTACTACTAATCTGCTGACTATGTGTCAATGGTGGCGTGATGTTATTCGTGAAGGTACTTTTCAAGGTCATCATACTCCTATTGTTCAAAAAGGTCTGCGTTATGGTATGGTTCTGTTTATTGTTTCTGAAGTTTTTTTTTTTGCTGGTTTTTTTTGGGCTTTTTATCATTCTTCTCTGGCTCCTACTCCTGAACTGGGTGGTTGTTGGCCTCCTACTGGTATTATTCCTCTGAATCCTCTGGAAGTTCCTCTGCTGAATACTTCTGTTCTGCTGGCTTCTGGTGTTTCTATTACTTGGGCTCATCATTCTCTGATGGAAGGTAATCGTAAACATATGCTGCAAGCTCTGTTTATTACTATTTCTCTGGGTGTTTATTTTACTCTGCTGCAAGCTTCTGAATATTATGAAACTTCTTTTACTATTTCTGATGGTGTTTATGGTTCTACTTTTTTTATGGCTACTGGTTTTCATGGTCTGCATGTTATTATTGGTTCTACTTTTCTGATTGTTTGTTTTCTGCGTCAACTGTATTATCATTTTACTTCTAATCATCATTTTGGTTTTGAAGCTGCTGCTTGGTATTGGCATTTTGTTGATGTTGTTTGGCTGTTTCTGTATGTTTCTATTTATTGGTGGGGTTCT
Hyaena,ATGACTCATCAAACTCATGCTTATCATATGGTTAATCCTTCTCCTTGGCCTCTGACTGGTGCTCTGTCTGCTCTGCTGATGACTTCTGGTCTGGCTATGTGGTTTCATTTTAATTCTACTCTGCTGCTGACTCTGGGTATGACTACTAATCTGCTGACTATGTATCAATGGTGGCGTGATGTTATTCGTGAATCTACTTTTCAAGGTCATCATACTCCTATTGTTCAAAAAGGTCTGCGTTATGGTATGGTTCTGTTTATTATTTCTGAAGTTTTTTTTTTTGCTGGTTTTTTTTGGGCTTTTTATCATTCTTCTCTGGCTCCTACTCCTGAACTGGGTGGTTGTTGGCCTCCTACTGGTATTATTCCTCTGAATCCTCTGGAAGTTCCTCTGCTGAATACTTCTGTTCTGCTGGCTTCTGGTGTTTCTATTACTTGGGCTCATCATTCTCTGATGGAAGGTAATCGTAAACAAATGCTGCAAGCTCTGTTTATTACTATTTCTCTGGGTGTTTATTTTACTCTGCTGCAAGCTTCTGAATATTATGAAACTTCTTTTACTATTTCTGATGGTGTTTATGGTTCTACTTTTTTTATGGCTACTGGTTTTCATGGTCTGCATGTTATTATTGGTTCTACTTTTCTGATTGTTTGTTTTCTGCGTCAACTGAAATATCATTTTACTTCTTCTCATCATTTTGGTTTTGAAGCTGCTGCTTGGTATTGGCATTTTGTTGATGTTGTTTGGCTGTTTCTGTATGTTTCTATTTATTGGTGGGGTTCT
Dingo,ATGACTCATCAAACTCATGCTTATCATATGGTTAATCCTTCTCCTTGGCCTCTGACTGGTGCTCTGTCTGCTCTGCTGATGACTTCTGGTCTGATTATGTGGTTTCATTATAATTCTATGTCTCTGCTGACTCTGGGTTTTACTACTAATCTGCTGACTATGTATCAATGGTGGCGTGATGTTATTCGTGAAGGTACTTTTCAAGGTCATCATACTCCTATTGTTCAAAAAGGTCTGCGTTATGGTATGGTTCTGTTTATTGTTTCTGAAGTTTTTTTTTTTGCTGGTTTTTTTTGGGCTTTTTATCATTCTTCTCTGGCTCCTACTCCTGAACTGGGTGGTTGTTGGCCTCCTACTGGTATTATTCCTCTGAATCCTCTGGAAGTTCCTCTGCTGAATACTTCTGTTCTGCTGGCTTCTGGTGTTTCTATTACTTGGGCTCATCATTCTCTGATGGAAGGTAATCGTAAACATATGCTGCAAGCTCTGTTTATTACTATTTCTCTGGGTGTTTATTTTACTCTGCTGCAAGCTTCTGAATATTATGAAACTTCTTTTACTATTTCTGATGGTGTTTATGGTTCTACTTTTTTTATGGCTACTGGTTTTCATGGTCTGCATGTTATTATTGGTTCTACTTTTCTGATTGTTTGTTTTCTGCGTCAACTGTATTATCATTTTACTTCTAATCATCATTTTGGTTTTGAAGCTGCTGCTTGGTATTGGCATTTTGTTGATGTTGTTTGGCTGTTTCTGTATGTTTCTATTTATTGGTGGGGTTCT
Indian wolf,ATGACTCATCAAACTCATGCTTATCATATGGTTAATCCTTCTCCTTGGCCTCTGACTGGTGCTCTGTCTGCTCTGCTGATGACTTCTGGTCTGATTATGTGGTTTCATTATAATTCTATGTCTCTGCTGACTCTGGGTTTTACTACTAATCTGCTGACTATGTATCAATGGTGGCGTGATGTTATTCGTGAAGGTACTTTTCAAGGTCATCATACTCCTATTGTTCAAAAAGGTCTGCGTTATGGTATGGTTCTGTTTATTGTTTCTGAAGTTTTTTTTTTTGCTGGTTTTTTTTGGGCTTTTTATCATTCTTCTCTGGCTCCTACTCCTGAACTGGGTGGTTGTTGGCCTCCTACTGGTATTATTCCTCTGAATCCTCTGGAAGTTCCTCTGCTGAATACTTCTGTTCTGCTGGCTTCTGGTGTTTCTATTACTTGGGCTCATCATTCTCTGATGGAAGGTAATCGTAAACATATGCTGCAAGCTCTGTTTATTACTATTTCTCTGGGTGTTTATTTTACTCTGCTGCAAGCTTCTGAATATTATGAAACTTCTTTTACTATTTCTGATGGTGTTTATGGTTCTACTTTTTTTATGGCTACTGGTTTTCATGGTCTGCATGTTATTATTGGTTCTACTTTTCTGATTGTTTGTTTTCTGCGTCAACTGCATTATCATTTTACTTCTAATCATCATTTTGGTTTTGAAGCTGCTGCTTGGTATTGGCATTTTGTTGATGTTGTTTGGCTGTTTCTGTATGTTTCTATTTATTGGTGGGGTTCT
Red fox,ATGACTCATCAAACTCATGCTTATCATATGGTTAATCCTTCTCCTTGGCCTCTGACTGGTGCTCTGTCTGCTCTGCTGATGACTTCTGGTCTGGTTATGTGGTTTCATTATAATTCTATGTCTCTGCTGACTCTGGGTCTGACTACTAATATGCTGACTATGTATCAATGGTGGCGTGATGTTGTTCGTGAAGGTACTTTTCAAGGTCATCATACTCCTACTGTTCAAAAAGGTCTGCGTTATGGTATGATTCTGTTTATTGTTTCTGAAGTTTTTTTTTTTGCTGGTTTTTTTTGGGCTTTTTATCATTCTTCTCTGGCTCCTACTCCTGAACTGGGTGGTTGTTGGCCTCCTACTGGTATTATTCCTCTGAATCCTCTGGAAGTTCCTCTGCTGAATACTTCTGTTCTGCTGGCTTCTGGTGTTTCTATTACTTGGGCTCATCATTCTCTGATGGAAGGTAATCGTAAACATATGCTGCAAGCTCTGTTTATTACTATTTCTCTGGGTGTTTATTTTACTCTGCTGCAAGCTTCTGAATATTATGAAACTTCTTTTACTATTTCTGATGGTGTTTATGGTTCTACTTTTTTTATGGCTACTGGTTTTCATGGTCTGCATGTTATTATTGGTTCTACTTTTCTGATTGTTTGTTTTATGCGTCAACTGCATTATCATTTTACTTCTAATCATCATTTTGGTTTTGAAGCTGCTGCTTGGTATTGGCATTTTGTTGATGTTGTTTGGCTGTTTCTGTATGTTTCTATTTATTGGTGGGGTTCT
Goldfish,ATGGCTCATCAAGCTCATGCTTATCATATGGTTGATCCTTCTCCTTGGCCTCTGACTGGTGCTATTGCTGCTCTGCTGATGACTTCTGGTCTGGCTATTTGGTTTCATTTTCATTCTACTACTCTGATGACTCTGGGTCTGATTCTGCTGCTGCTGACTATGTATCAATGGTGGCGTGATATTATTCGTGAAGGTACTTTTCAAGGTCATCATACTCCTCCTGTTCAAAAAGGTCTGCGTTATGGTATGATTCTGTTTATTACTTCTGAAGTTTTTTTTTTTCTGGGTTTTTTTTGGGCTTTTTATCATTCTTCTCTGGCTCCTACTCCTGAACTGGGTGGTTGTTGGCCTCCTACTGGTATTACTCCTCTGGATCCTTTTGAAGTTCCTCTGCTGAATACTGCTGTTCTGCTGGCTTCTGGTGTTACTGTTACTTGGGCTCATCATTCTATTATGGAAGGTGAACGTAAACAAGCTATTCAATCTCTGGCTCTGACTATTCTGCTGGGTCTGTATTTTACTGCTCTGCAAGCTATGGAATATTATGAAGCTCCTTTTACTATTGCTGATGGTGTTTATGGTTCTACTTTTTTTGTTGCTACTGGTTTTCATGGTCTGCATGTTATTATTGGTTCTACTTTTCTGGCTGTTTGTCTGCTGCGTCAAATTCAATATCATTTTACTTCTGAACATCATTTTGGTTTTGAAGCTGCTGCTTGGTATTGGCATTTTGTTGATGTTGTTTGGCTGTTTCTGTATGTTTCTATTTATTGGTGGGGTTCT
Dolphin,ATGACTCATCAAACTCATTCTTATCATATGGTTAATCCTTCTCCTTGGCCTCTGACTGGTGCTCTGTCTGCTTTTCTGATGACTTCTGGTCTGATTATGTGGTTTCATTTTAATTCTATGATTCTGCTGACTCTGTCTTTTCTGACTAATATTCTGACTATGTATCAATGGTGGCGTGATATTATTCGTGAATCTACTTTTCAAGGTCATCATACTCCTACTGTTCAAAAAGGTCTGCGTTATGGTATGATTCTGTTTATTCTGTCTGAAGTTCTGTTTTTTACTGGTTTTTTTTGGGCTTTTTATCATTCTTCTCTGGCTCCTACTCCTGAACTGGGTGGTTCTTGGCCTCCTACTGGTATTCATCCTCTGAATCCTCTGGAAGTTCCTCTGCTGAATACTTCTGTTCTGCTGGCTTCTGGTGTTTCTATTACTTGGGCTCATCATTCTCTGATGGAAGGTAATCGTAAACATATGCTGCAAGCTCTGTTTATTACTATTATGCTGGGTCTGTATTTTACTCTGCTGCAAGCTTCTGAATATTATGAAGCTCCTTTTACTATTTCTGATGGTGTTTATGGTTCTACTTTTTTTGTTGCTACTGGTTTTCATGGTCTGCATGTTATTATTGGTTCTACTTTTCTGATTGTTTGTTTTATGCGTCAAATGATGTTTCATTTTACTTCTAATCATCATTTTGGTTTTGAAGCTGCTGCTTGGTATTGGCATTTTGTTGATGTTGTTTGGCTGTTTCTGTATGTTTCTATTTATTGGTGGGGTTCT
Fugu rubripes,ATGGCTCATCAAGCTCATCCTTATCATATGGTTGATCCTTCTCCTTGGCCTCTGACTGGTGCTGTTGCTGCTCTGCTGCTGACTTCTGGTCTGGCTATTTGGTTTCATTTTAATTCTACTATTCTGATGACTCTGGGTCTGGTTCTGCTGCTGCTGACTATGCTGCAATGGTGGCGTGATATTGTTCGTGAAGGTACTTTTCAAGGTCATCATACTCCTCCTGTTCAAAAAGGTCTGCGTTATGGTATGATTCTGTTTATTACTTCTGAAGTTTTTTTTTTTCTGGGTTTTTTTTGGGCTTTTTATCATGCTTCTCTGGCTCCTACTCCTGAACTGGGTGGTTGTTGGCCTCCTACTGGTATTATTCCTCTGAATCCTTTTGAAGTTCCTCTGCTGAATACTGCTGTTCTGCTGGCTTCTGGTGTTACTGTTACTTGGGCTCATCATTCTATTATGGAAGGTGAACGTAAACAAGCTATTCAATCTCTGACTCTGACTATTCTGCTGGGTTTTTATTTTACTTTTCTGCAAGCTATGGAATATTATGAAGCTCCTTTTACTATTGCTGATGGTGTTTATGGTTCTACTTTTTTTGTTGCTACTGGTTTTCATGGTCTGCATGTTATTATTGGTTCTACTTTTCTGGCTGTTTGTCTGCTGCGTCAAATTCGTTTTCATTTTACTTCTGAACATCATTTTGGTTTTGAAGCTGCTGCTTGGTATTGGCATTTTGTTGATGTTGTTTGGCTGTTTCTGTATATTTCTATTTATTGGTGGGGTTCT
Great white shark,ATGGCTCATCAAGCTCATGCTTATCATATGGTTGATCCTTCTCCTTGGCCTCTGACTGGTGCTACTGCTGCTCTGCTGATGACTTCTGGTCTGGCTATTTGGTTTCATTTTCATTCTCTGATTCTGCTGTATCTGGGTCTGACTCTGCTGCTGCTGACTATGGTTCAATGGTGGCGTGATATTATTCGTGAAGGTACTTTTCAAGGTCATCATACTCCTCCTGTTCAAAAAGGTCTGCGTTATGGTATGATTCTGTTTATTACTTCTGAAGTTTTTTTTTTTCTGGGTTTTTTTTGGGCTTTTTATCATTCTTCTCTGGCTCCTACTCCTGAACTGGGTGGTTGTTGGCCTCCTACTGGTATTTCTCCTATGGATCCTTTTGAAGTTCCTCTGCTGAATACTGCTGTTCTGCTGGCTTCTGGTGTTACTGTTACTTGGACTCATCATTCTCTGATGGAAGGTAATCGTAAAGAAACTATTCAAGCTCTGACTCTGACTATTTTTCTGGGTGTTTATTTTACTGCTCTGCAAGCTATGGAATATTATGAAGCTCCTTTTACTATTGCTGATGGTATTTATGGTACTACTTTTTTTGTTGCTACTGGTTTTCATGGTCTGCATGTTATTATTGGTTCTACTTTTCTGATGATTTGTCTGCTGCGTCAAATTCAATATCATTTTACTTCTAAACATCATTTTGGTTTTGAAGCTGCTGCTTGGTATTGGCATTTTGTTGATGTTGTTTGGCTGTTTCTGTATGTTTCTATTTATTGGTGGGGTTCT
Russels viper,ATGACTCATCAACTGCATCAATATCATATGGTTGATCCTTCTCCTTGGCCTCTGACTGGTGCTATGGGTTCTCTGCTGATGGCTTCTGGTCTGGCTCTGTGGTTTCATACTACTTCTACTATTGTTCTGAAACTGGGTCTGCTGGTTACTTTTCTGACTCTGATTCAATGGTGGCGTGATGTTGTTCGTGAATCTACTTATCAAGGTCATCATACTATGGGTGTTCAAAAAAATATGCGTTATGGTATGATTCTGTTTATTACTTCTGAAGTTTTTTTTTTTCTGGGTTTTTTTTGGACTCTGTATCATGTTTCTCTGGTTCCTACTCCTGAACTGGGTGCTGAATGGCCTCCTACTGGTATTTCTCCTCTGAATCCTATGGATGTTCCTCTGCTGAATACTGCTGTTCTGCTGTCTTCTGGTGCTACTATTACTTGGTCTCATCATACTATGATGAAAGGTAATAAAAAAGAAGCTACTTATGCTCTGCTGATTACTATTATTCTGGGTATTTATTTTACTGCTCTGCAAGTTTCTGAATATATGGATACTCCTTTTACTATTTCTGATTCTGTTTATGGTTCTCTGTTTTTTGTTGCTACTGGTTTTCATGGTCTGCATGTTATGATTGGTACTTCTTTTCTGCTGATTTGTCTGATTCGTCTGATTAAATATCATTTTACTACTACTCATCATTTTGGTTATGAAGCTGCTATTTGGTATTGGCATTTTGTTGATGTTGTTTGGCTGTTTCTGTATATTTCTGTTTATTGGTGGGGTTCT
Chameleon,ATGAATAATCAAATGCATCCTTTTCATATGGTTAATGAATCTCCTTGGCCTATTCTGGGTTCTATGGCTCTGTTTACTATGGCTTGTGGTCTGGCTACTTGGATGCATTATAAAACTCTGACTCTGCTGAATCTGGGTCTGACTGCTACTCTGCTGACTTCTTATCAATGGTGGCGTGATATTGTTCGTGAATCTACTTTTCAAGGTCATCATACTATGAAAGTTCAAACTGGTCTGCGTTATGGTATGATTCTGTTTATTACTTCTGAAGTTCTGTTTTTTTTTGGTTTTTTTTGGACTTTTTATTTTGCTTCTACTAATCCTGATCATGCTCTGGGTCTGCAATGGCCTCCTAAAGGTATTAAACCTCTGAATCCTGTTGATGTTCCTCTGCTGAATACTATGATTCTGCTGGCTTCTGGTATGACTGTTACTTGGTCTCATCATTCTATTATGGCTGGTCTGAAAAAAAATACTTCTTGGTCTCTGCTGATGACTGTTATGCTGGGTCTGTATTTTACTCTGCTGCAAGCTTCTGAATATTATGATACTATGTTTTCTATTTCTGATGGTACTTATGGTGCTACTTTTTTTGTTGCTACTGGTTTTCATGGTCTGCATGTTATGATTGGTACTACTTTTCTGATTATTTGTCTGATGCGTCAAATGCATCTGCATTTTACTACTAAACATTATTTTGGTTTTGAAGCTGCTGCTTGGTATTGGCATTTTGTTGATGTTGTTTGGATTTTTCTGTATGCTTCTATTTATTGGTGGGGTTCT
Bearded Dragon,ATGAAACATCAAACTCATCCTTTTCATATGGTTGATCCTTCTCCTTGGCCTATTCTGGCTGCTACTGCTGCTCTGTTTACTACTTGGGGTCTGGGTACTTGGATGCATACTAAAACTATGACTACTCTGGAAATTGGTCTGATTACTATGCTGCTGACTTCTTATCAATGGTGGCGTGATGTTACTCGTGAAGCTACTTTTCAAGGTCATCATACTAAAAAAGTTCAAAAAGGTCTGCGTTATGGTATGATTCTGTTTATTACTTCTGAAGTTCTGTTTTTTTTTGGTTTTTTTTGGACTTTTTTTTTTCTGTCTCTGAATCCTTCTCATCCTCTGGGTCTGCAATGGCCTCCTAAAGGTATTAAACCTCTGGATCCTTTTGAAATTCCTCTGCTGAATACTATGGTTCTGCTGACTTCTGGTTTTACTGTTACTTGGGCTCATCATTCTATTATGGAAGGTTCTCGTAAAGGTGCTATTCAAGCTCTGACTATGACTATTCTGCTGGGTCTGTATTTTACTGTTCTGCAAGCTACTGAATATCTGGAAGCTCCTTTTACTATTTCTGATGGTGCTTATGGTTCTATTTTTTTTGTTGCTACTGGTTTTCATGGTCTGCATGTTATTATTGGTACTACTTTTCTGATTACTTGTCTGCTGCGTCAACTGCAACATCATTTTACTACTTCTCATCATTTTGGTTTTGAAGCTGCTGCTTGGTATTGGCATTTTGTTGATGTTGTTTGGATTTTTCTGTATACTTCTATTTATTGGTGGGGTTCT
American alligator,ATGTCTCATCAAACTCATCTGTTTCATATGGTTAATCCTTCTCCTTGGCCTCTGGCTGGTGCTATGGCTGCTATGCTGCTGACTACTGGTCTGACTCTGTGGTTTCATTATAATTCTAATCTGCTGCTGCTGCTGGGTCTGGTTACTACTATGCTGGTTATGTATCAATGGTGGCGTGATGTTGTTCGTGAATCTACTTATCTGGGTCATCATACTCCTGCTGTTCAAAAAGGTCTGCGTTATGGTATGATTCTGTTTATTACTTCTGAAGTTTTTTTTTTTCTGGGTTTTTTTTGGGCTTTTTATCATTCTTCTCTGTCTCCTACTCCTGAACTGGGTGGTCAATGGCCTCCTACTGGTATTACTCCTCTGGATCCTTTTGAAGTTCCTCTGCTGAATACTGCTGTTCTGCTGGCTTCTGGTGTTACTGTTACTTGGGCTCATCATAATCTGATGACTGCTAATCGTATGCAAGCTATTCATGCTCTGACTCTGACTGTTCTGCTGGGTTTTTATTTTACTGCTCTGCAAGCTATGGAATATTATGAAGCTCCTTTTACTATTGCTGATTCTACTTATGGTTCTACTTTTTTTGTTGCTACTGGTTTTCATGGTCTGCATGTTATTATTGGTTCTACTTTTCTGATGATTTGTCTGTATCGTCAAGTTAAATTTCATTTTACTTCTAATCATCATTTTGGTTTTGAAGCTGCTGCTTGGTATTGGCATTTTGTTGATGTTGTTTGGCTGTTTCTGTATATTTCTATTTATTGGTGGGGTTCT
Gray treefrog,ATGGCTCATCAAGCTCATGCTTTTCATATGGTTGATCCTTCTCCTTGGCCTCTGACTGGTGCTACTGCTGCTTTTATGCTGACTACTGGTCTGGCTATGTGGTTTCATTATAATACTGTTCTGATTCTGACTTCTGGTCTGGCTCTGATGCTGCTGACTATGTATCAATGGTGGCGTGATATTGTTCGTGAAGGTACTTTTCAAGGTCATCATACTATTCCTGTTCAAAAAGGTCTGCGTTATGGTATGATTCTGTTTATTACTTCTGAAGTTTTTTTTTTTATTGGTTTTTTTTGGGCTTTTTATAATGCTTCTCTGGCTCCTTCTTATGAAATTGGTGAATGTTGGCCTCCTACTGGTATTTCTCCTCTGAATCCTTTTGAAGTTCCTCTGCTGAATACTGCTGTTCTGCTGGCTTCTGGTGTTTCTGTTACTTGGGCTCATCATTCTATTATGCAAGGTGATCGTAAAGAAGCTATTCAATCTCTGGCTCTGACTATTGCTCTGGGTCTGTATTTTACTGCTCTGCAAGCTATGGAATATTATGAAGCTCCTTTTACTATTGCTGATGGTATTTATGGTTCTACTTTTTTTGTTGCTACTGGTTTTCATGGTCTGCATGTTATTATTGGTTCTCTGTTTCTGCTGACTTGTCTGCTGCGTCAAATTAATTTTCATTTTACTACTCAACATCATTTTGGTTTTGAAGCTGCTGCTTGGTATTGGCATTTTGTTGATGTTGTTTGGCTGTTTCTGTATGTTTCTATTTATTGGTGGGGTTCT
Fire salamander,ATGGCTCATCAAGCTCATGCTTATCATATGGTTAATCCTTCTCCTTGGCCTCTGACTGGTGCTATTGCTGCTCTGCTGCTGACTTCTGGTCTGGCTATGTGGTTTCATTTTGGTTCTATTATTCTGATGACTCTGGGTCTGATTATTACTCTGCTGACTATGCTGCAATGGTGGCGTGATGTTGTTCGTGAAGGTACTTTTCAAGGTCATCATACTATTCCTGTTCAAAAAGGTCTGCGTTATGGTATGATTCTGTTTATTACTTCTGAAGTTTTTTTTTTTCTGGGTTTTTTTTGGGCTTTTTATAATTCTTCTCTGGCTCCTACTCCTGAACTGGGTGAATGTTGGCCTCCTACTGGTATTACTCCTCTGGATCCTTTTGAAGTTCCTCTGCTGAATACTGCTGTTCTGCTGGCTTCTGGTGTTACTGTTACTTGGACTCATCATTCTATGATGCAAGGTAATCGTAAAGAAGCTATTCAATCTCTGTTTCTGACTATTATTCTGGGTCTGTATTTTACTCTGCTGCAAGCTATGGAATATTATGAAGCTCCTTTTACTATTGCTGATGGTGTTTATGGTTCTACTTTTTTTGTTGCTACTGGTTTTCATGGTCTGCATGTTATTATTGGTACTCTGTTTCTGTCTGTTTGTCTGCTGCGTCAAATTAAATTTCATTTTACTTCTCATCATCATTTTGGTTTTGAAGCTGCTGCTTGGTATTGGCATTTTGTTGATGTTGTTTGGCTGTTTCTGTATGTTTCTATTTATTGGTGGGGTTCT
Eastern newt,ATGGCTCATCAAGCTCATGCTTATCATATGGTTGATCCTTCTCCTTGGCCTCTGACTGGTGCTATTGCTGCTCTGCTGCTGACTTCTGGTCTGGCTATGTGGTTTCATTTTGGTTCTATGACTCTGATGACTCTGGGTCTGGTTGTTATGCTGCTGACTATGCTGCAATGGTGGCGTGATATTGTTCGTGAAGGTACTTTTCAAGGTCATCATACTCCTCCTGTTCAAAAAGGTCTGCGTTATGGTATGATTCTGTTTATTACTTCTGAAGTTTTTTTTTTTCTGGGTTTTTTTTGGGCTTTTTATAATTCTTCTCTGGCTCCTACTCCTGAACTGGGTGAATGTTGGCCTCCTACTGGTATTACTCCTCTGGATCCTTTTGAAGTTCCTCTGCTGAATACTGCTGTTCTGCTGGCTTCTGGTGTTACTGTTACTTGGGCTCATCATTCTATTATGCAAGGTAATCGTAAAGAAGCTATTCAATCTCTGCTGCTGACTATTATTCTGGGTCTGTATTTTACTGCTCTGCAAGCTATGGAATATTATGAAGCTCCTTTTACTATTGCTGATGGTATTTATGGTTCTACTTTTTTTGTTGCTACTGGTTTTCATGGTCTGCATGTTATTATTGGTTCTCTGTTTCTGGCTGTTTGTCTGCTGCGTCAAATTAAATTTCATTTTACTTCTAATCATCATTTTGGTTTTGAAGCTGCTGCTTGGTATTGGCATTTTGTTGATGTTGTTTGGCTGTTTCTGTATGTTTCTATTTATTGGTGGGGTTCT
Alpine newt,ATGGCTCATCAAGCTCATGCTTATCATATGGTTGATCCTTCTCCTTGGCCTCTGACTGGTGCTATTGCTGCTTTTATGCTGACTTCTGGTCTGGCTATGTGGTTTCATTTTGCTTCTATGACTCTGATGACTCTGGGTCTGCTGATTATGTTTCTGACTATGATTCAATGGTGGCGTGATATTATTCGTGAAGGTACTTTTCAAGGTCATCATACTCCTCCTGTTCAAAAAGGTCTGCGTTATGGTATGATTCTGTTTATTACTTCTGAAGTTCTGTTTTTTTTTGGTTTTTTTTGGGCTTTTTATAATGCTTCTCTGGCTCCTACTCAAGAACTGGGTGAATGTTGGCCTCCTGCTGGTATTACTCCTCTGAATCCTTTTGAAGTTCCTCTGCTGAATACTACTGTTCTGCTGGCTTCTGGTATTACTGTTACTTGGGCTCATCATTCTATTATGCAAGGTAATCGTAAAGAAGCTATTCAATCTCTGTTTCTGACTATTGCTCTGGGTGTTTATTTTACTGCTCTGCAAGCTATGGAATATTATGAAGCTCCTTTTTCTATTGCTGATGGTGTTTATGGTTCTACTTTTTTTGTTGCTACTGGTTTTCATGGTCTGCATGTTATGATTGGTTCTATTTTTCTGTATGTTTGTCTGATGCGTCAACTGAAATTTCATTTTACTTCTGGTCATCATTTTGGTTTTGAAGCTGCTGCTTGGTATTGGCATTTTGTTGATGTTGTTTGGCTGTTTCTGTATATTTCTATTTATTGGTGGGGTTCT
Edible frog,ATGGCTCATCAAGCTCATGCTTTTCATATGGTTGATCCTTCTCCTTGGCCTCTGACTGGTGCTGCTGCTGCTTTTCTGCTGACTTCTGGTCTGGCTGCTTGGTTTCATTTTAATAATTTTATTATTCTGGCTATGGGTCTGACTCTGATGCTGCTGACTATGTATCAATGGTGGCGTGATGTTGTTCGTGAAGGTACTTTTCAAGGTCATCATACTCCTCCTGTTCAAAAAGGTCTGCGTTATGGTATGATTCTGTTTATTACTTCTGAAGTTTTTTTTTTTGTTGGTTTTTTTTGGGCTTTTTATAATGCTTCTCTGGCTCCTACTCCTGAAGTTGGTGAATGTTGGCCTCCTACTGGTATTACTCCTTTTTCTCCTTTTGAAATTCCTCTGCTGAATACTGCTGTTCTGCTGGCTTCTGGTGTTTCTGTTACTTGGGCTCATCATTCTATTATGCAAGCTGATCGTAAAGGTGCTCTGCAAGCTCTGGCTATTACTGTTACTCTGGGTCTGTATTTTACTCTGCTGCAAGCTATGGAATATTATGAAGCTCCTTTTACTATTGCTGATGGTATTTATGGTACTACTTTTTTTGTTGCTACTGGTTTTCATGGTCTGCATGTTATTATTGGTTCTATTTTTCTGATTACTTGTTTTCTGCGTCAACTGTTTTTTCATTTTACTTCTCAACATCATTTTGGTTTTGAAGCTGCTGCTTGGTATTGGCATTTTGTTGATGTTGTTTGGCTGTTTCTGTATGTTTCTATTTATTGGTGGGGTTCT
Chinese giant salamander,ATGACTCATCAAGCTCATGCTTATCATATGGTTGATCCTTCTCCTTGGCCTATTACTGGTGCTATTGCTGCTCTGCTGCTGACTTCTGGTCTGGCTATGTGGTTTCATTATGAATCTATGCTGGTTCTGCTGATTGGTTTTATTATTATGTTTATGACTATGTTTCAATGGTGGCGTGATATTGTTCGTGAAGGTACTTTTCAAGGTCATCATACTACTCCTGTTCAAAAAGGTCTGCGTTATGGTATGATTCTGTTTATTACTTCTGAAGTTTTTTTTTTTTTTGGTTTTTTTTGGGCTTTTTATAATTCTTCTCTGGCTCCTACTATTGAAATGGGTGAATGTTGGCCTCCTATTGGTATTACTCCTCTGGATCCTTTTGAAGTTCCTCTGCTGAATACTGCTGTTCTGCTGGCTTCTGGTGTTACTGTTACTTGGGCTCATCATTCTATGATGCAAGGTGATCGTAAAGAAACTCTGCAAGCTCTGTCTTTTACTATTGCTCTGGGTTTTTATTTTACTGCTCTGCAAATTATGGAATATTATGAAGCTCCTTTTACTATTGCTGATGGTGTTTATGGTTCTACTTTTTTTGTTGCTACTGGTTTTCATGGTCTGCATGTTATTATTGGTACTATGTTTCTGCTGATTTGTATGCTGCGTCAAGTTTATTTTCATTTTACTATGATTCATCATTTTGGTTTTGAAGCTGCTGCTTGGTATTGGCATTTTGTTGATGTTGTTTGGCTGTTTCTGTATGTTTCTATTTATTGGTGGGGTTCT
Domestic Cat,ATGACTCATCAAACTCATGCTTATCATATGGTTAATCCTTCTCCTTGGCCTCTGACTGGTGCTCTGTCTGCTCTGCTGATGACTTCTGGTCTGGCTATGTGGTTTCATTATAATTCTACTCTGCTGCTGACTCTGGGTATGACTACTAATCTGCTGACTATGTATCAATGGTGGCGTGATATTATTCGTGAATCTACTTTTCAAGGTCATCATACTCCTATTGTTCAAAAAGGTCTGCGTTATGGTATGATTCTGTTTATTATTTCTGAAGTTTTTTTTTTTGCTGGTTTTTTTTGGGCTTTTTATCATTCTTCTCTGGCTCCTACTCCTGAACTGGGTGGTTGTTGGCCTCCTACTGGTATTATTCCTCTGAATCCTCTGGAAGTTCCTCTGCTGAATACTTCTGTTCTGCTGGCTTCTGGTGTTTCTATTACTTGGGCTCATCATTCTCTGATGGAAGGTAATCGTAAACATATGCTGCAAGCTCTGTTTATTACTATTTCTCTGGGTGTTTATTTTACTCTGCTGCAAGCTTCTGAATATTATGAAACTTCTTTTACTATTTCTGATGGTGTTTATGGTTCTACTTTTTTTATGGCTACTGGTTTTCATGGTCTGCATGTTATTATTGGTTCTACTTTTCTGATTGTTTGTTTTCTGCGTCAACTGAAATATCATTTTACTTCTAATCATCATTTTGGTTTTGAAGCTGCTGCTTGGTATTGGCATTTTGTTGATGTTGTTTGGCTGTTTCTGTATGTTTCTATTTATTGGTGGGGTTCT
Cheetah,ATGACTCATCAAACTCATGCTTATCATATGGTTAATCCTTCTCCTTGGCCTCTGACTGGTGCTCTGTCTGCTCTGCTGATGACTTCTGGTCTGGCTATGTGGTTTCATTATAATTCTACTCTGCTGCTGACTCTGGGTATGACTACTAATCTGCTGACTATGTATCAATGGTGGCGTGATATTGTTCGTGAATCTACTTTTCAAGGTCATCATACTCCTATTGTTCAAAAAGGTCTGCGTTATGGTATGATTCTGTTTATTGTTTCTGAAGTTTTTTTTTTTGCTGGTTTTTTTTGGGCTTTTTATCATTCTTCTCTGGCTCCTACTCCTGAACTGGGTGGTTGTTGGCCTCCTACTGGTATTATTCCTCTGAATCCTCTGGAAGTTCCTCTGCTGAATACTTCTGTTCTGCTGGCTTCTGGTGTTTCTATTACTTGGGCTCATCATTCTCTGATGGAAGGTAATCGTAAACATATGCTGCAAGCTCTGCTGATTACTATTTCTCTGGGTGTTTATTTTACTCTGCTGCAAGCTTCTGAATATTATGAAACTCCTTTTACTATTTCTGATGGTATTTATGGTTCTACTTTTTTTATGGCTACTGGTTTTCATGGTCTGCATGTTATTATTGGTTCTACTTTTCTGATTGTTTGTTTTCTGCGTCAACTGAAATATCATTTTACTTCTAATCATCATTTTGGTTTTGAAGCTGCTGCTTGGTATTGGCATTTTGTTGATGTTGTTTGGCTGTTTCTGTATGTTTCTATTTATTGGTGGGGTTCT
Cougar,ATGACTCATCAAACTCATGCTTATCATATGGTTAATCCTTCTCCTTGGCCTCTGACTGGTGCTCTGTCTGCTCTGCTGATGACTTCTGGTCTGGCTATGTGGTTTCATTATAATTCTACTCTGCTGCTGACTCTGGGTATGACTACTAATCTGCTGACTATGTATCAATGGTGGCGTGATATTATTCGTGAATCTACTTTTCAAGGTCATCATACTCCTACTGTTCAAAAAGGTCTGCGTTATGGTATGATTCTGTTTATTGTTTCTGAAGTTTTTTTTTTTGCTGGTTTTTTTTGGGCTTTTTATCATTCTTCTCTGGCTCCTACTCCTGAACTGGGTGGTTGTTGGCCTCCTACTGGTATTATTCCTCTGAATCCTCTGGAAGTTCCTCTGCTGAATACTTCTGTTCTGCTGGCTTCTGGTGTTTCTATTACTTGGGCTCATCATTCTCTGATGGAAGGTAATCGTAAACATATGCTGCAAGCTCTGTTTATTACTATTTCTCTGGGTGTTTATTTTACTCTGCTGCAAGCTTCTGAATATTATGAAACTTCTTTTACTATTTCTGATGGTATTTATGGTTCTACTTTTTTTATGGCTACTGGTTTTCATGGTCTGCATGTTATTATTGGTTCTACTTTTCTGATTGTTTGTTTTCTGCGTCAACTGAAATATCATTTTACTTCTAATCATCATTTTGGTTTTGAAGCTGCTGCTTGGTATTGGCATTTTGTTGATGTTGTTTGGCTGTTTCTGTATGTTTCTATTTATTGGTGGGGTTCT
Tiger,ATGACTCATCAAACTCATGCTTATCATATGGTTAATCCTTCTCCTTGGCCTCTGACTGGTGCTCTGTCTGCTCTGCTGATGACTTCTGGTCTGGCTATGTGGTTTCATTATAATTCTATGCTGCTGCTGACTCTGGGTATGACTACTAATCTGCTGACTATGTATCAATGGTGGCGTGATATTATTCGTGAATCTACTTTTCAAGGTCATCATACTCCTATTGTTCAAAAAGGTCTGCGTTATGGTATGATTCTGTTTATTATTTCTGAAGTTTTTTTTTTTGCTGGTTTTTTTTGGGCTTTTTATCATTCTTCTCTGGCTCCTACTCCTGAACTGGGTGGTTGTTGGCCTCCTACTGGTATTATTCCTCTGAATCCTCTGGAAGTTCCTCTGCTGAATACTTCTGTTCTGCTGGCTTCTGGTGTTTCTATTACTTGGGCTCATCATTCTCTGATGGAAGGTAATCGTAAACATATGCTGCAAGCTCTGTTTATTACTATTTCTCTGGGTGTTTATTTTACTCTGCTGCAAGCTTCTGAATATTATGAAACTTCTTTTACTATTTCTGATGGTGTTTATGGTTCTACTTTTTTTATGGCTACTGGTTTTCATGGTCTGCATGTTATTATTGGTTCTACTTTTCTGATTGTTTGTTTTCTGCGTCAACTGAAATATCATTTTACTTCTTCTCATCATTTTGGTTTTGAAGCTGCTGCTTGGTATTGGCATTTTGTTGATGTTGTTTGGCTGTTTCTGTATGTTTCTATTTATTGGTGGGGTTCT
Ocelot,ATGACTCATCAAACTCATGCTTATCATATGGTTAATCCTTCTCCTTGGCCTCTGACTGGTGCTCTGTCTGCTCTGCTGATGACTTCTGGTCTGGCTATGTGGTTTCATCATAATTCTACTCTGCTGCTGACTCTGGGTATGACTACTAATCTGCTGACTATGTATCAATGGTGGCGTGATATTATTCGTGAATCTACTTTTCAAGGTCATCATACTCCTATTGTTCAAAAAGGTCTGCGTTATGGTATGATTCTGTTTATTATTTCTGAAGTTTTTTTTTTTGCTGGTTTTTTTTGGGCTTTTTATCATTCTTCTCTGGCTCCTACTCCTGAACTGGGTGGTTGTTGGCCTCCTACTGGTATTGTTCCTCTGAATCCTCTGGAAGTTCCTCTGCTGAATACTTCTGTTCTGCTGGCTTCTGGTGTTTCTATTACTTGGGCTCATCATTCTCTGATGGAAGGTTCTCGTAAACATATGCTGCAAGCTCTGTTTATTACTATTTCTCTGGGTATTTATTTTACTCTGCTGCAAGCTTCTGAATATTATGAAACTTCTTTTACTATTTCTGATGGTGTTTATGGTTCTACTTTTTTTATGGCTACTGGTTTTCATGGTCTGCATGTTATTATTGGTTCTACTTTTCTGATTGTTTGTTTTCTGCGTCAACTGAAATATCATTTTACTTCTAATCATCATTTTGGTTTTGAAGCTGCTGCTTGGTATTGGCATTTTGTTGATGTTGTTTGGCTGTTTCTGTATGTTTCTATTTATTGGTGGGGTTCT
Cardinal,ATGGCTCATCAAGCTCATTCTTATCATATGGTTGATCCTTCTCCTTGGCCTATTCTGGGTGCTGCTGCTGCTCTGATGACTACTTCTGGTCTGACTATGTGGTTTCATTATAATTCTCCTCGTCTGCTGATTCTGGGTCTGATTTCTACTATTCTGGTTATGTTTCAATGGTGGCGTGATGTTATTCGTGAATCTACTTTTCAAGGTCATCATACTCCTACTGTTCAAAAAGGTCTGCGTTATGGTATGGTTCTGTTTATTACTTCTGAAGCTTTTTTTTTTCTGGGTTTTTTTTGGGCTTTTTTTCATTCTTCTCTGGCTCCTACTCCTGAACTGGGTGGTCAATGGCCTCCTGTTGGTATTAAACCTCTGAATCCTATGGAAGTTCCTCTGCTGAATACTGCTATTCTGCTGGCTTCTGGTGTTACTGTTACTTGGGCTCATCATTCTATTACTGAAGCTAATCGTAAACAAGCTATTCAAGCTCTGCTGCTGACTGTTCTGCTGGGTTTTTATTTTACTGCTCTGCAAGCTATGGAATATTATGAAGCTCCTTTTTCTATTGCTGATGGTGTTTATGGTTCTACTTTTTTTGTTGCTACTGGTTTTCATGGTCTGCATGTTATTATTGGTTCTACTTTTCTGCTGGTTTGTCTGCTGCGTCTGATTAAATATCATTTTACTTCTAATCATCATTTTGGTTTTGAAGCTGCTGCTTGGTATTGGCATTTTGTTGATGTTGTTTGGCTGCTGCTGTATATTTCTATTTATTGGTGGGGTTCT
Bald Eagle,ATGGCTCATCAAGCTCATTCTTATCATATGGTTGATCCTTCTCCTTGGCCTATTTTTGGTGCTGCTGCTGCTCTGCTGACTACTTCTGGTCTGATTATGTGGTTTCATTATAATTCTTCTCAACTGCTGTCTCTGGGTATTCTGTCTATGCTGCTGGTTATGCTGCAATGGTGGCGTGATATTGTTCGTGAATCTACTTTTCAAGGTCATCATACTCCTACTGTTCAAAAAGGTCTGCGTTATGGTATGATTCTGTTTATTACTTCTGAAGCTTTTTTTTTTCTGGGTTTTTTTTGGGCTTTTTTTCATTCTTCTCTGGCTCCTACTCCTGAACTGGGTGGTCAATGGCCTCCTACTGGTATTAATCCTCTGAATCCTCTGGAAGTTCCTCTGCTGAATACTGCTATTCTGCTGGCTTCTGGTGTTACTGTTACTTGGGCTCATCATTCTATTATGGAATCTAATCGTAAACAAGCTATTCATGCTCTGACTCTGACTATTCTGCTGGGTTTTTATTTTACTGCTCTGCAAGCTACTGAATATTATGAAGCTCCTTTTTCTATTGCTGATGGTGTTTATGGTTCTACTTTTTTTGTTGCTACTGGTTTTCATGGTCTGCATGTTATTATTGGTTCTTCTTTTCTGTCTGTTTGTCTGCTGCGTCTGATTAATTTTCATTTTACTTCTAATCATCATTTTGGTTTTGAAGCTGCTGCTTGGTATTGGCATTTTGTTGATGTTATTTGGCTGTTTCTGTATATGACTATTTATTGGTGGGGTTCT
Eurasian golden oriole,ATGGCTCATCAAGCTCATTCTTATCATATGGTTGATCCTTCTCCTTGGCCTATTCTGGGTGCTGCTGCTGCTCTGCTGACTACTTCTGGTCTGGCTATGTGGTTTCATTATAATTCTCCTTCTCTGCTGATTATGGGTCTGCTGTCTACTGCTCTGGTTATGATTCAATGGTGGCGTGATATTGTTCGTGAATCTACTTTTCAAGGTCATCATACTCCTACTGTTCAAAAAGGTCTGCGTTATGGTATGGTTCTGTTTATTACTTCTGAAGCTTTTTTTTTTCTGGGTTTTTTTTGGGCTTTTTTTCATTCTTCTCTGGCTCCTACTCCTGAACTGGGTGGTCAATGGCCTCCTGTTGGTATTAAACCTCTGAATCCTATGGAAGTTCCTCTGCTGAATACTGCTATTCTGCTGGCTTCTGGTGTTACTGTTACTTGGGCTCATCATTCTATTATGGAAGCTTCTCGTAAACAAGCTATTTGTGCTCTGACTATTACTATTCTGCTGGGTTTTTATTTTACTGCTCTGCAAGCTATGGAATATTATGAAGCTCCTTTTTCTATTGCTGATTCTGTTTATGGTTCTACTTTTTTTGTTGCTACTGGTTTTCATGGTCTGCATGTTATTATTGGTTCTACTTTTCTGCTGGTTTGTCTGCTGCGTCTGATTAAATTTCATTTTACTACTGGTCATCATTTTGGTTTTGAAGCTGCTGCTTGGTATTGGCATTTTGTTGATGTTGTTTGGCTGTTTCTGTATCTGTCTATTTATTGGTGGGGTTCT
Mourning dove,ATGGCTCATCAAGCTCATTCTTATCATATGGTTGATCCTTCTCCTTGGCCTATTTTTGGTGCTACTGCTGCTCTGCTGACTACTTCTGGTCTGACTATGTGGTTTCATCATAATACTCTGTATCTGCTGACTCTGGGTCTGCTGTCTATGATTCTGGTTATGCTGCAATGGTGGCGTGATATTGTTCGTGAATCTACTTTTCAAGGTCATCATACTCCTACTGTTCAAAAAGGTCTGCGTTATGGTATGATTCTGTTTATTACTTCTGAAGCTTTTTTTTTTCTGGGTTTTTTTTGGGCTTTTTTTCATTCTTCTCTGGCTCCTACTCCTGAACTGGGTGGTCAATGGCCTCCTACTGGTATTTCTCCTCTGAATCCTCTGGAAGTTCCTCTGCTGAATACTGCTATTCTGCTGGCTTCTGGTGTTACTGTTACTTGGGCTCATCATTCTATTACTGAAGGTAATCGTAAACAAGCTATTCATGCTCTGACTCTGACTATTCTGCTGGGTTTTTATTTTACTGCTCTGCAAGCTATGGAATATTATGAAGCTCCTTTTTCTATTGCTGATGGTGTTTATGGTTCTACTTTTTTTGTTGCTACTGGTTTTCATGGTCTGCATGTTATTATTGGTTCTTCTTTTCTGTCTGTTTGTCTGCTGCGTCTGATTAAATTTCATTTTACTTCTAATCATCATTTTGGTTTTGAAGCTGCTGCTTGGTATTGGCATTTTGTTGATGTTATTTGGCTGTTTCTGTATATGACTATTTATTGGTGGGGTTCT
Eurasian eagle-owl,ATGGCTCATCAAGCTCATTCTTATCATATGGTTGATCCTTCTCCTTGGCCTATTCTGGGTGCTGCTGCTGCTCTGCTGACTACTTCTGGTCTGGCTGTTTGGTTTCATCATCATTCTACTCAACTGCTGACTCTGGGTCTGCTGTCTATGCTGCTGATTATGCTGCAATGGTGGCGTGATATTGTTCGTGAATCTACTTTTCAAGGTCATCATACTCCTACTGTTCAAAAAGGTCTGCGTTATGGTATGATTCTGTTTATTACTTCTGAAGCTTTTTTTTTTCTGGGTTTTTTTTGGGCTTTTTTTCATTCTTCTCTGGCTCCTACTCCTGAACTGGGTGGTCAATGGCCTCCTACTGGTGTTAATCCTCTGAATCCTCTGGAAGTTCCTCTGCTGAATACTGCTATTCTGCTGGCTTCTGGTGTTACTGTTACTTGGGCTCATCATTCTATTACTGAATCTAATCAAAAACAAGCTATTCATGCTCTGACTCTGACTATTCTGCTGGGTCTGTATTTTACTGCTCTGCAAGCTACTGAATATTATGAAGCTCCTTTTTCTATTGCTGATGGTATTTATGGTTCTACTTTTTTTGTTGCTACTGGTTTTCATGGTCTGCATGTTATTATTGGTTCTTCTTTTCTGTCTATTTGTCTGCTGCGTCTGGCTAAATTTCATTTTACTCCTCATCATCATTTTGGTTTTGAAGCTGCTGCTTGGTATTGGCATTTTGTTGATATTATTTGGCTGTTTCTGTATACTACTATTTATTGGTGGGGTTCT
American robin,ATGGCTCATCAAGCTCATTCTTATCATATGGTTGATCCTTCTCCTTGGCCTATTCTGGGTGCTGCTGCTGCTCTGCTGACTACTTCTGGTCTGACTATGTGGTTTCATTATCATTCTCCTTATCTGCTGATTATTGGTCTGACTTCTACTCTGCTGGTTATGTTTCAATGGTGGCGTGATATTGTTCGTGAATCTACTTTTCAAGGTCATCATACTCCTCTGGTTCAAAAAGGTCTGCGTTATGGTATGGTTCTGTTTATTACTTCTGAAGCTTTTTTTTTTCTGGGTTTTTTTTGGGCTTTTTTTCATTCTTCTCTGGCTCCTACTCCTGAACTGGGTGGTCAATGGCCTCCTGTTGGTATTAAACCTCTGGATCCTATGGATGTTCCTCTGCTGAATACTGCTATTCTGCTGGCTTCTGGTGTTACTGTTACTTGGGCTCATCATTCTATTACTGAAGCTTCTCGTAAACAAGCTATTCAAGCTCTGACTCTGACTGTTCTGCTGGGTTTTTATTTTACTGCTCTGCAAGCTATGGAATATTATGAAGCTCCTTTTTCTATTGCTGATTCTGTTTATGGTTCTACTTTTTTTGTTGCTACTGGTTTTCATGGTCTGCATGTTATTATTGGTTCTACTTTTCTGCTGGTTTGTCTGCTGCGTCTGATTAAATTTCATTTTACTTCTAATCATCATTTTGGTTTTGAAGCTGCTGCTTGGTATTGGCATTTTGTTGATGTTGTTTGGCTGTTTCTGTATATTTCTATTTATTGGTGGGGTTCT
Monarch butterfly,ATGTCTCTGAATCATAATCATCCTTATCATCTGGTTGATTATTCTCCTTGGCCTCTGACTGGTGCTATTGGTGTTATGACTCTGGTTACTGGTCTGACTAAATGGTTTCATAATTTTTCTATTAATCTGCTGATTCTGGGTTATATTATTACTCTGCTGACTATGTATCAATGGTGGCGTGATGTTTGTCGTGAAGGTACTTATCAAGGTAAACATACTATTCTGGTTTCTAATGGTCTGCGTTGGGGTATGATTCTGTTTATTGTTTCTGAAATTTTTTTTTTTATTTCTTTTTTTTGGGCTTTTTTTCATTCTTCTCTGGCTCCTAATATTGAAATTGGTGCTATGTGGCCTCCTATGATGATTATTCCTTTTAATCCTTTTCAAATTCCTCTGCTGAATACTATTATTCTGATTTCTTCTGGTATTACTGTTACTTGGGCTCATCATGCTCTGATGCAAAATAATTTTACTCAAACTTCTCAAGGTCTGTTTTTTACTGTTATTCTGGGTATTTATTTTTCTATTCTGCAAGCTTATGAATATCTGGAAGCTCCTTTTACTATTGCTGATTCTATTTATGGTTCTACTTTTTTTATGGCTACTGGTTTTCATGGTCTGCATGTTATTATTGGTACTATTTTTCTGCTGACTTGTCTGATTCGTCATATTAATTTTCATTTTTCTATGAATCATCATTTTGGTTTTGAAGCTGCTGCTTGGTATTGGCATTTTGTTGATGTTGTTTGGCTGTTTCTGTATATTTCTATTTATTGGTGGGGTAAT
Common clothes moth,ATGACTATGCATTCTAATCATCCTTATCATCTGGTTGATTATTCTCCTTGGCCTCTGACTTCTGCTATTGGTACTTTTACTATGATGTCTGGTATGATTAAATGGTTTCATCTGTTTAAATTTAATCTGATGCTGATTGGTTATATGATTATTCTGCTGACTATGTATCAATGGTGGCGTGATATTTCTCGTGAATCTACTTTTCAAGGTAAACATACTTTTATGGTTTCTAAAGGTCTGCGTTGGGGTATGATTCTGTTTATTATTTCTGAAATTTTTTTTTTTGTTTCTTTTTTTTGGTCTTTTTTTCATTCTTCTCTGTCTCCTACTATTGAAATTAATTATTGGCCTCCTCTGAATATTGTTCCTTTTAATCCTTTTCAAATTCCTCTGCTGAATACTATTATTCTGATTACTTCTGGTATTACTGTTACTTGGGCTCATCATTCTCTGCTGGAAAATAATCATAAACAAACTACTCAATCTCTGTTTTTTACTATTATGCTGGGTATTTATTTTTCTATTCTGCAACTGTATGAATATCTGGAAGCTTCTTTTTCTATGGCTGATTCTATTTATGGTTCTACTTTTTTTATGGCTACTGGTTTTCATGGTCTGCATGTTCTGATTGGTACTATTTTTCTGACTATTTGTCTGTATCGTCATATGAATTTTCATTTTTCTATGTCTCATCATTTTGGTTTTGAATCTGCTGCTTGGTATTGGCATTTTGTTGATGTTGTTTGGCTGTTTCTGTATATTTCTATTTATTGGTGGGGTAAT
Asian lady beetle,ATGATTATGATGAAAAATCATCCTTTTCATCTGGTTGATTATTCTCCTTGGCCTATTCTGGGTGCTTTTTCTGCTATGACTGCTATGATGGGTATGATTAAATGGTTTCATCTGTTTAATTCTAATCTGTTTATTCTGTCTAATATGATTCTGCTGCTGATTATGTTTCAATGGTGGCGTGATGTTATTCGTGAATCTACTTTTCAAGGTAATCATACTCTGCTGGTTTCTTTTGGTCTGCGTTGGGGTATGATTCTGTTTATTACTTCTGAAATTTTTTTTTTTGTTTCTTTTTTTTGGTCTTTTTATCATATGTCTCTGTCTCCTTCTATTGAACTGGGTATGGCTTGGCCTCCTAAAGGTATTAATACTTTTAATCCTAATGAAATTCCTCTGCTGAATACTATTATTCTGCTGTCTTCTGGTCTGTCTGTTACTTGGGCTCATCATTCTCTGATGGAAAATAATTTTAATCAAACTTTTCAATCTCTGATTATTACTGTTTTTCTGGGTATGTATTTTTCTCTGCTGCAAGGTATTGAATATCTGGAAGCTCCTTTTTCTATGGCTGATTCTGTTTATGGTTCTACTTTTTTTATGGCTACTGGTTTTCATGGTCTGCATGTTATTATTGGTTCTATTTTTCTGCTGGTTTGTCTGACTCGTCTGAATTTTAATCATTTTTCTAATAATCATCATTTTGGTTTTGAAGCTGCTGCTTGGTATTGGCATTTTGTTGATGTTGTTTGGCTGTTTCTGTATATGTCTATTTATTGGTGGGGTTCT
Housefly,ATGTCTACTCATTCTAATCATCCTTTTCATCTGGTTGATTATTCTCCTTGGCCTCTGACTGCTTCTATTGGTGCTATGACTACTGTTGCTGGTATGGTTAAATGGTTTCATCAATATGATAATTCTCTGTTTCTGCTGGGTAATGTTATTACTATTCTGACTGTTTATCAATGGTGGCGTGATGTTTCTCGTGAAGGTACTTATCAAGGTCTGCATACTCTGTCTGTTACTACTGGTCTGCGTTGGGGTATGATTCTGTTTATTCTGTCTGAAGTTCTGTTTTTTGTTTCTTTTTTTTGGGCTTTTTTTCATTCTTCTCTGTCTCCTTCTATTGAACTGGGTGCTATGTGGCCTCCTCTGGGTATTACTCCTTTTAATCCTTTTCAAATTCCTCTGCTGAATACTGTTATTCTGCTGACTTCTGGTATTACTGTTACTTGGGCTCATCATTCTCTGATGGAAGGTAATCATTCTCAAACTACTCAAGGTCTGTTTTTTACTGTTCTGCTGGGTATTTATTTTACTATTCTGCAAGCTTATGAATATATTGAAGCTCCTTTTACTATTGCTGATTCTGTTTATGGTTCTACTTTTTTTATGGCTACTGGTTTTCATGGTCTGCATGTTCTGATTGGTACTACTTTTCTGATTGTTTGTCTGGGTCGTCATCTGAATAATCATTTTTCTAAAAATCATCATTTTGGTTTTGAAGCTGCTGCTTGGTATTGGCATTTTGTTGATATTGTTTGGCTGTTTCTGTATGTTTCTATTTATTGGTGGGGTGGT
Western honeybee,ATGAAAAAAAATTTTCCTTTTCATATGGTTACTAATTCTCCTTGGCCTATTATTCTGTCTTTTTCTTTTATGAATACTCTGATTTCTACTGTTATTTGGATTTATTCTTCTATTTCTATGTTTATGATTCTGAATTTTATTAATTCTATTCTGATTATGATGCTGTGGTTTCGTGATATTATTCGTGAATCTACTTTTCAAGGTATGCATTCTATGTTTATTACTAATTTTCTGAAATTTTCTATGATTCTGTTTATTCTGTCTGAACTGATGTTTTTTATTTCTTTTTTTTGGACTTTTTTTCATTCTTCTATTTCTCCTAATATTGAAATTAATATGACTTGGCCTCCTAAAAATATTAAATTTTTTAATCCTATGGAAATTCCTCTGCTGAATTCTTTTATTCTGGTTTCTTCTGGTTTTACTGTTACTCTGTCTCATTATTATCTGATTATTAATAATCTGAAACTGTCTAAATCTTATCTGCTGCTGACTATTCTGCTGGGTATTTATTTTACTATTCTGCAAACTATTGAATATTCTAATTCTTTTTTTTGTTTTAATGATTCTATTTATGGTTCTATTTTTTTTATGGCTACTGGTTTTCATGGTCTGCATGTTCTGATTGGTTCTATTTTTCTGCTGATTTCTCTGTATCGTATGATGAATATTCATTTTTCTAATATGCATAATATGAATTTTGAACTGGCTATTTGGTATTGGCATTTTGTTGATGTTATTTGGCTGTTTCTGTATACTTTTATTTATCTGCTGATT
Termite,ATGTCTACTCAAGAAAATCATTCTTTTCATATGGTTAATAAATCTCCTTGGCCTCTGACTGGTTCTATTGGTGCTATGGTTACTCTGATGGGTCTGATTAAATGGTTTCATCAATATAATAATTCTCTGCTGGGTGTTGGTACTGTTATTACTCTGCTGACTATGATTCAATGGTGGCGTGATGTTACTCGTGAAGGTACTTATCAAGGTCTGCATACTAAAACTGTTACTTCTGGTCTGCGTTGGGGTATGATTCTGTTTATTATTTCTGAAGTTCTGTTTTTTGCTTCTTTTTTTTGGGCTTTTTTTCATTCTTCTCTGTCTCCTACTATTGAACTGGGTTCTGCTTGGCCTCCTACTGGTATTCAACCTTTTAATCCTATGCAAATTCCTCTGCTGAATACTGCTATTCTGCTGGCTTCTGGTGTTACTGTTACTTGGGCTCATCATGGTCTGCTGGAAAATAATTTTTCTCAAGCTACTCAAGGTCTGTTTTTTACTGTTCTGCTGGGTATTTATTTTACTGCTCTGCAAGCTTATGAATATATTGAAGCTCCTTTTACTATTGCTGATTCTGCTTATGGTTCTACTTTTTTTATGGCTACTGGTTTTCATGGTCTGCATGTTATTATTGGTACTACTTTTCTGACTACTTGTCTGCTGCGTCAAACTACTCTGCATTTTTCTTCTAATCATCATTTTGGTTTTGAAGCTGCTGCTTGGTATTGGCATTTTGTTGATGTTGTTTGGCTGTTTCTGTATATTTCTATTTATTGGTGGGGTTCT
Spotted Lanternfly,ATGAAAAAAAATCATCCTTTTCATATGGTTACTAAATCTCCTTGGCCTATTATGCTGTCTATGAATGTTATGACTATGCTGACTGGTACTGTTAAATGGACTCAAACTAAAGAATATAATCTGATGATGCTGGGTCTGACTCTGTCTACTATGTCTATGATGCTGTGGTGGCGTGATATTACTCGTGAAGCTACTTTTCAAGGTAATCATACTAATAAAGTTAAATCTATGATGAAAATGGGTATGATTATGTTTATTATTTCTGAAATGATGTTTTTTGTTTCTTTTTTTTGGATGTTTTTTCATTCTTCTCTGGCTCCTTCTATTGAAATTGGTATGAATTGGCCTCCTAAATCTATTAAAACTTTTAATCCTCTGGAAGTTCCTCTGCTGAATACTATTATTCTGATTTCTTCTGGTATTACTGTTACTTGGGCTCATCATTCTATTCTGCTGAATAAACTGTCTATGTCTAATAAATCTCTGATGCTGACTATTATTCTGGGTCTGTATTTTACTTTTCTGCAAAAATGGGAATATCAACAATCTTCTTTTACTATGGCTGATTCTATTTATGGTTCTTCTTTTTTTCTGACTACTGGTTTTCATGGTATTCATGTTATTGTTGGTACTACTTTTATTATGATTTCTATGGTTCGTTGTATGAAAATGCATTTTTCTGCTTCTCATCATCTGGGTCTGGAAGCTGCTATTTGGTATTGGCATTTTGTTGATGTTATTTGGCTGTTTCTGTATCTGTCTATTTATTGGTGGGGTAAA
