Virus0,CATTGAGATTGCCTTATACCGCTGCCCCCACTTGTTTTGCTCCCTTTTGAGTCAACGTAGTTGACGAGGGTGGTATACGATGTACGAGCCGAGTGCGACCGTCCTTTCTGTCCCTAGCCACAATGGTTGAAGCATCAGCATACTGGAGGTCAATAGAACCATCCAACGCAATCGCTAGTTCTTGTATACGTCGACGATAA
Alger,AATCCGAAGAGCTCTACTGCACCACTGCTACTTATATTGCGCCAGTCTGGATGGACTTTAATTCCGGAGTACCTATGCTGCGTACCAGACGAGTCCGGCGGTACCTTTGATCACCGGGCGCGATGGTCGAAGCATTACTGGAGCGAAGGACTACGGGATTACCTTATGCTCTTGTTGGAGACCGGAGGGTCAGCCGACTA
Amsterdam,CATTGGGATGGCATGATACCGGTTCCTTCACTTATTCTGCGCCAATGTGGATCGACGAAGAATTCGGCATCAGTCTGTGCCGTGCCAGCCGTGTGCGGCAGTTCTTCCCGTCCCTAGACACATCGCTTGAAGCATCTCCGTAACGAACGACCATAGAATCAACCTGAGCCCGCGCTAGTTCCTAGAGATTTCGACGATAA
Belfast,CATTCCTATTGCTTGAGGGCGGATCCCCCCCTTCGGGCCCGCCCGCGCAAACCGACTTAGGTGTAGGAGGTAGGAAGTGACGCGCCATACGTGTGAGGCAGATCTTTCGGGGCTTACGCCAAATGGCTGGTTCCTCCCAGCATCGAAGGGGAATAGTCTCACCGAGAACTCGCGCTACTTTCCAGATATATCGGCGATTA
Bologne,CACGAGAATGGCTTTTTATGGGCTCTGCTACTTATTTTGCGCAAGTGCAGATGGATTCGGATGCCGGAGTCAGTATGCAGCGCACTAGCGGAGTGCGGCGGCCCATGCGAGCACCGAACGCAATGGTCGAAGCACTAGCGAAAAGAAGGAATCCACGATAATCTATTCCCCGCGCTAATCTCTAGAGATTGCGTCGATAA
Bruxelles,CATTGGGATGACTTTATACCGGTTCCGCCACTTATTTTGCGCCAATGTGGGTCTACGTAGATGTCGGCGTCAGTCTGTGACGTGCCAGCCGTCTGCGGCGCTCCTTTCCGTCCCTAGGCGCAATGATTGAAGCATCACCGTAACGAAGGACCATAGAATCATGCAGAGCCCGCGCTAGTTCCTGGATATTTCGACGATAA
Casablanca,AATGCTAGAACCTCTATAGCACCTCTGCTAGTGATAATGCGTCTCTCTCGATGGACTTTAATGCGGGAGAATTGATGCGACGGACCCGACGAGTGCCAGGGTCCCTAGCAGAACCGAACGCGATGGTCGAGACATTACCACGAGGAAGTAGAATCCGGTAATCCAGTGCTTTCGGTCGCGAGTGGGAAGTCAGCCGATGA
Cork,CATTCAAATTGCCTGAGGGAGGGTCCCCCCCTTCGGGCCCGTCAGCGCAACCCGAGTTGGGTGTCAGAGGTGGGAAGTGATGCGCCATACGTGTGGGGCGGATCTTTAGGGCCTTACGCCAAATGGTAGGATCAGGCCAGTATCGGAAGGGGACCGTCCCACCGAGAACTCGCGCTACTTTCCAGATATTTCGCTGATTA
Dublin,CATTCAAATTGCTTGAGACCGGATCCCCTCCTTCGGGCCCGCTAGCGCAACTCGACTTGGGTGTCGGAGGTGGGAAGTGACGCGCCATACGTGTGAGGCGGGGCTTTCGGGCCTTACGCCAAATGATTGGATCAGCCCAGTATCGGAGGGGGATAGACTCACCGAGAACTCGTGCTACTTTCCAGATATATCGGCGATTA
Edimbourg,CATTCAGATTGTTTTATATCGAATCCCCTCCCTCGGTCCCGCTCGGGATGGTCGACTTGGGTGTCTGGGCGAGTCCGTGACGCGCCATACGTGTGATGCTGTGCTTTCGGGTCCCATGTGAAATGCGTTAATCATTACAGTACCTGGGAGCGATAGACCCGTCGAGAACCTGCGCTAGTTCCCAGGTATATTGGCGATAA
Glasgow,CATTGAGAGTGCTTTGTATCGGATCCCCTCCTTAGGTCCCGCTCATGAAGGTCAACTTGGGTTTCTGGGCGAGTCCGTGACGTGCCATACGTGTGGTGCTGTGCGTTCGAGTCCTATGTAAAATGAGTGAATCATCACAGTAACTGGGAGCGATAGAATCGTTGAGAACCTGCACTTGTTCTTAGGTATATCGGCGATAG
Lilles,CATTGGGATGGTTGTCTGTGGGTTTCTCCATTTGTTTTGCGCTCGTATGGGTCCACGTAGAGGCCGCAATCAGCCTGTGACGTGCCAGCCGTGCGTGGTGGTCGAGGACGTCCATGGACGCAAAGGCCGAAGCGCCACCGAAACGAAGGACCATAGCACCATCCAGTACCCGCGCTAGTTCCCAGATATTTAGGGGACAA
Ljubljana,CATGCAAATGGCTTTATCCCGGCTCTGCAGCTTATTGTGCGCAAATGCAGATGGACTAGGATGCCCGAGTCTGTATGTCGAGTACTAGCGAAGTGCGGCGGACCTTGCGAGCCCCAAACACAATGGTCGAAGCATAAGCGGAACGCTGGAACACAGGATCATCCGCTCCCCGCGCTAATCTCTAGAGATTGCGTCGATTA
Londres,CACTAAGATCACTTTACCTTGGTTCCTTCACTTAGAAACACCGCATGTATGTCGACTTAGTTGTCGGGGGAGGTCAGCGATCCGCCAGTACTGCGCGGCCAGTCTTTCAGTTCCCAGGGGCAATGATTGTAGCGTGACTGTAACGGAGGTCCACGGAATCCTCCAGAGCCCGCGCTCTTTCCTTGATATAGCGGCGATAA
Manchester,TATTGAGATTACTTTACATCGGTTCCCTCACTTAAGAACCACCCATGCAGACAAACTTAGTTGGCGGGGGTGGTCTGCGATAGGCCAGTCGTGTGCGGCCGTTATCTCAGTTCTGAGGAGCAAAGAGTGGAGCGATACCATACTGTAGCGTCACAGAATCATCCACCGCCCGCGCTAACTCCTTGATATAGCGGCGAAAA
Marrakech,AATACTAGAACCTCTATCGCACCTCTGCTAGTGGTAATGCGTCTCTCTCGATGGTCTTTAATGCGGGAGAATTGATGCGTCGGACCCGACGCGTGCCAGGGTCCCTAGGAGAACCGAACTCGATGGTCGAGACATCACCAGGAGGAAGTAGAATCCGGTACTCCAGAGCTTTCCGTTGCGAGTGGGGAGTCTGCCGATGA
Marseille,CATTGGAACGGCTTTATATCACCTCGGCTACTCATTTTGCGCCCTTGGGGATGGACGTGGATGCCGGTGTCACTATGTGACGTGCGAGCCGAGTGCGGCGGTCGTTGCCGTCTCCGGACGCAATGGTGGAAGCATCACCGAAACGAAGGAATATAGGACTATCCAGTCCCCGCGCAAGTTTCCAGAGATTTCGCCGATTA
Milan,CATGGGAATGGCTTTATATCGGCTCTACCACTTATTTTGCGTCAGTGCAGATGGACTTGGATGCCGGAGTCAGTATGCGGCGTACTAGCCGAGCGCGCCGGTCCCTGCGATCACCGGACGCTATGGTCGGAGCATTACCGAAACGAAGGAATATAGGATCATCTACTCCCTGCGCTAGCCTCTATACATTACGCCGATTA
Paris,CATCGGAATGGCTTTCTATTACCTCGGCTACTTATTTTGCGCCCGTGCGGATAGACGTGGATGCCGGAGTCAGTATGTGACGTGCCAGCCGAGTTCGGCAGTCCTTAGCGTCACCGAACGCAATGGTCGAAGCATCACCGAAACGAAGGGATATAGGATGATCCAGTCACCGCGTTAGTTCCTAGAGATTTCGCCGATTA
Tunis,AATGCGAGAACCTTTATAGCATCTCTGTTAGTGATAACGCGTCACTCTGGATGGGCTCTAATGCGCGAGAATTGATAGGGCGGACCAGACGAGTGCAAGGGTCCCTTCGAGAGCGGAACGCAATGGTCCAGACGTTACCGAAACGAAGGAAAATTGGGGAATTCAATGCTTTCGGTGTTTAGCGGAGAGTCCGCCGATGA
Venise,CACGAGAATGGCTTGATATGGGCTCTGCTACTTATTTTGCGCCAGTGCAGATGGACTAGGCTGCCGGAGTCAGTATGCAGCGTACTAGCGGAGTGCGGCGGCCCGTGCGCGCACTGAACGCAATGTTCGAAGCACTAGCGAAACCAAGGAATAAAGGATAATCTATTCCCCGCGCTAATCTCTAGAGATTGCGTCGATTA
